date,strategy_id,ticker,side,target_weight,portfolio_weight,simulated_quantity,simulated_notional,entry_price,latest_price,unrealized_pnl,realized_pnl,holding_days,signal_source,run_id,record_label
2026-06-08,C3A1_002,BE,LONG,0.0094339622641509,0.0005896226415094312,,593.1842664430931,,,,0.0,,accepted_final_strategy_research_integration_v1,7d885ae0fcac7679,RETROSPECTIVE_PAPER_BACKFILL
2026-06-08,C3A1_002,CLYM,LONG,0.0094339622641509,0.0005896226415094312,,593.1842664430931,,,,0.0,,accepted_final_strategy_research_integration_v1,7d885ae0fcac7679,RETROSPECTIVE_PAPER_BACKFILL
2026-06-08,C3A1_002,VICR,LONG,0.0094339622641509,0.0005896226415094312,,593.1842664430931,,,,0.0,,accepted_final_strategy_research_integration_v1,7d885ae0fcac7679,RETROSPECTIVE_PAPER_BACKFILL
2026-06-08,C3A1_002,INTC,LONG,0.0094339622641509,0.0005896226415094312,,593.1842664430931,,,,0.0,,accepted_final_strategy_research_integration_v1,7d885ae0fcac7679,RETROSPECTIVE_PAPER_BACKFILL
2026-06-08,C3A1_002,RHLD,LONG,0.0094339622641509,0.0005896226415094312,,593.1842664430931,,,,0.0,,accepted_final_strategy_research_integration_v1,7d885ae0fcac7679,RETROSPECTIVE_PAPER_BACKFILL
2026-06-08,C3A1_002,CRVS,LONG,0.0094339622641509,0.0005896226415094312,,593.1842664430931,,,,0.0,,accepted_final_strategy_research_integration_v1,7d885ae0fcac7679,RETROSPECTIVE_PAPER_BACKFILL
2026-06-08,C3A1_002,UUUU,LONG,0.0094339622641509,0.0005896226415094312,,593.1842664430931,,,,0.0,,accepted_final_strategy_research_integration_v1,7d885ae0fcac7679,RETROSPECTIVE_PAPER_BACKFILL
2026-06-08,C3A1_002,UCTT,LONG,0.0094339622641509,0.0005896226415094312,,593.1842664430931,,,,0.0,,accepted_final_strategy_research_integration_v1,7d885ae0fcac7679,RETROSPECTIVE_PAPER_BACKFILL
2026-06-08,C3A1_002,HL,LONG,0.0094339622641509,0.0005896226415094312,,593.1842664430931,,,,0.0,,accepted_final_strategy_research_integration_v1,7d885ae0fcac7679,RETROSPECTIVE_PAPER_BACKFILL
2026-06-08,C3A1_002,MKSI,LONG,0.0094339622641509,0.0005896226415094312,,593.1842664430931,,,,0.0,,accepted_final_strategy_research_integration_v1,7d885ae0fcac7679,RETROSPECTIVE_PAPER_BACKFILL
2026-06-08,C3A1_002,JBIO,LONG,0.0094339622641509,0.0005896226415094312,,593.1842664430931,,,,0.0,,accepted_final_strategy_research_integration_v1,7d885ae0fcac7679,RETROSPECTIVE_PAPER_BACKFILL
2026-06-08,C3A1_002,CAPR,LONG,0.0094339622641509,0.0005896226415094312,,593.1842664430931,,,,0.0,,accepted_final_strategy_research_integration_v1,7d885ae0fcac7679,RETROSPECTIVE_PAPER_BACKFILL
2026-06-08,C3A1_002,KKR,SHORT,-0.0094339622641509,-0.0005896226415094312,,-593.1842664430931,,,,0.0,,accepted_final_strategy_research_integration_v1,7d885ae0fcac7679,RETROSPECTIVE_PAPER_BACKFILL
2026-06-08,C3A1_002,WAT,SHORT,-0.0094339622641509,-0.0005896226415094312,,-593.1842664430931,,,,0.0,,accepted_final_strategy_research_integration_v1,7d885ae0fcac7679,RETROSPECTIVE_PAPER_BACKFILL
2026-06-08,C3A1_002,LW,SHORT,-0.0094339622641509,-0.0005896226415094312,,-593.1842664430931,,,,0.0,,accepted_final_strategy_research_integration_v1,7d885ae0fcac7679,RETROSPECTIVE_PAPER_BACKFILL
2026-06-08,C3A1_002,DASH,SHORT,-0.0094339622641509,-0.0005896226415094312,,-593.1842664430931,,,,0.0,,accepted_final_strategy_research_integration_v1,7d885ae0fcac7679,RETROSPECTIVE_PAPER_BACKFILL
2026-06-08,C3A1_002,DV,SHORT,-0.0094339622641509,-0.0005896226415094312,,-593.1842664430931,,,,0.0,,accepted_final_strategy_research_integration_v1,7d885ae0fcac7679,RETROSPECTIVE_PAPER_BACKFILL
2026-06-08,C3A1_002,PATH,SHORT,-0.0094339622641509,-0.0005896226415094312,,-593.1842664430931,,,,0.0,,accepted_final_strategy_research_integration_v1,7d885ae0fcac7679,RETROSPECTIVE_PAPER_BACKFILL
2026-06-08,C3A1_002,EQH,SHORT,-0.0094339622641509,-0.0005896226415094312,,-593.1842664430931,,,,0.0,,accepted_final_strategy_research_integration_v1,7d885ae0fcac7679,RETROSPECTIVE_PAPER_BACKFILL
2026-06-08,C3A1_002,MZTI,SHORT,-0.0094339622641509,-0.0005896226415094312,,-593.1842664430931,,,,0.0,,accepted_final_strategy_research_integration_v1,7d885ae0fcac7679,RETROSPECTIVE_PAPER_BACKFILL
2026-06-08,C3A1_002,HTZ,SHORT,-0.0094339622641509,-0.0005896226415094312,,-593.1842664430931,,,,0.0,,accepted_final_strategy_research_integration_v1,7d885ae0fcac7679,RETROSPECTIVE_PAPER_BACKFILL
2026-06-08,C3A1_002,SVV,SHORT,-0.0094339622641509,-0.0005896226415094312,,-593.1842664430931,,,,0.0,,accepted_final_strategy_research_integration_v1,7d885ae0fcac7679,RETROSPECTIVE_PAPER_BACKFILL
2026-06-08,C3A1_002,ADSK,SHORT,-0.0094339622641509,-0.0005896226415094312,,-593.1842664430931,,,,0.0,,accepted_final_strategy_research_integration_v1,7d885ae0fcac7679,RETROSPECTIVE_PAPER_BACKFILL
2026-06-08,C3A1_002,BROS,SHORT,-0.0094339622641509,-0.0005896226415094312,,-593.1842664430931,,,,0.0,,accepted_final_strategy_research_integration_v1,7d885ae0fcac7679,RETROSPECTIVE_PAPER_BACKFILL
2026-06-08,C3A1_003,CAPR,LONG,0.0092592592592592,0.0005787037037037,,581.7573653230264,,,,0.0,,accepted_final_strategy_research_integration_v1,7d885ae0fcac7679,RETROSPECTIVE_PAPER_BACKFILL
2026-06-08,C3A1_003,SATL,LONG,0.0092592592592592,0.0005787037037037,,581.7573653230264,,,,0.0,,accepted_final_strategy_research_integration_v1,7d885ae0fcac7679,RETROSPECTIVE_PAPER_BACKFILL
2026-06-08,C3A1_003,CLYM,LONG,0.0092592592592592,0.0005787037037037,,581.7573653230264,,,,0.0,,accepted_final_strategy_research_integration_v1,7d885ae0fcac7679,RETROSPECTIVE_PAPER_BACKFILL
2026-06-08,C3A1_003,UCTT,LONG,0.0092592592592592,0.0005787037037037,,581.7573653230264,,,,0.0,,accepted_final_strategy_research_integration_v1,7d885ae0fcac7679,RETROSPECTIVE_PAPER_BACKFILL
2026-06-08,C3A1_003,LUNR,LONG,0.0092592592592592,0.0005787037037037,,581.7573653230264,,,,0.0,,accepted_final_strategy_research_integration_v1,7d885ae0fcac7679,RETROSPECTIVE_PAPER_BACKFILL
2026-06-08,C3A1_003,VICR,LONG,0.0092592592592592,0.0005787037037037,,581.7573653230264,,,,0.0,,accepted_final_strategy_research_integration_v1,7d885ae0fcac7679,RETROSPECTIVE_PAPER_BACKFILL
2026-06-08,C3A1_003,ADEA,LONG,0.0092592592592592,0.0005787037037037,,581.7573653230264,,,,0.0,,accepted_final_strategy_research_integration_v1,7d885ae0fcac7679,RETROSPECTIVE_PAPER_BACKFILL
2026-06-08,C3A1_003,AOSL,LONG,0.0092592592592592,0.0005787037037037,,581.7573653230264,,,,0.0,,accepted_final_strategy_research_integration_v1,7d885ae0fcac7679,RETROSPECTIVE_PAPER_BACKFILL
2026-06-08,C3A1_003,BE,LONG,0.0092592592592592,0.0005787037037037,,581.7573653230264,,,,0.0,,accepted_final_strategy_research_integration_v1,7d885ae0fcac7679,RETROSPECTIVE_PAPER_BACKFILL
2026-06-08,C3A1_003,WLK,LONG,0.0092592592592592,0.0005787037037037,,581.7573653230264,,,,0.0,,accepted_final_strategy_research_integration_v1,7d885ae0fcac7679,RETROSPECTIVE_PAPER_BACKFILL
2026-06-08,C3A1_003,MKSI,LONG,0.0092592592592592,0.0005787037037037,,581.7573653230264,,,,0.0,,accepted_final_strategy_research_integration_v1,7d885ae0fcac7679,RETROSPECTIVE_PAPER_BACKFILL
2026-06-08,C3A1_003,CRVS,LONG,0.0092592592592592,0.0005787037037037,,581.7573653230264,,,,0.0,,accepted_final_strategy_research_integration_v1,7d885ae0fcac7679,RETROSPECTIVE_PAPER_BACKFILL
2026-06-08,C3A1_003,DB,SHORT,-0.0092592592592592,-0.0005787037037037,,-581.7573653230264,,,,0.0,,accepted_final_strategy_research_integration_v1,7d885ae0fcac7679,RETROSPECTIVE_PAPER_BACKFILL
2026-06-08,C3A1_003,RHLD,SHORT,-0.0092592592592592,-0.0005787037037037,,-581.7573653230264,,,,0.0,,accepted_final_strategy_research_integration_v1,7d885ae0fcac7679,RETROSPECTIVE_PAPER_BACKFILL
2026-06-08,C3A1_003,GLBE,SHORT,-0.0092592592592592,-0.0005787037037037,,-581.7573653230264,,,,0.0,,accepted_final_strategy_research_integration_v1,7d885ae0fcac7679,RETROSPECTIVE_PAPER_BACKFILL
2026-06-08,C3A1_003,VTS,SHORT,-0.0092592592592592,-0.0005787037037037,,-581.7573653230264,,,,0.0,,accepted_final_strategy_research_integration_v1,7d885ae0fcac7679,RETROSPECTIVE_PAPER_BACKFILL
2026-06-08,C3A1_003,STEP,SHORT,-0.0092592592592592,-0.0005787037037037,,-581.7573653230264,,,,0.0,,accepted_final_strategy_research_integration_v1,7d885ae0fcac7679,RETROSPECTIVE_PAPER_BACKFILL
2026-06-08,C3A1_003,PAX,SHORT,-0.0092592592592592,-0.0005787037037037,,-581.7573653230264,,,,0.0,,accepted_final_strategy_research_integration_v1,7d885ae0fcac7679,RETROSPECTIVE_PAPER_BACKFILL
2026-06-08,C3A1_003,KKR,SHORT,-0.0092592592592592,-0.0005787037037037,,-581.7573653230264,,,,0.0,,accepted_final_strategy_research_integration_v1,7d885ae0fcac7679,RETROSPECTIVE_PAPER_BACKFILL
2026-06-08,C3A1_003,BBY,SHORT,-0.0092592592592592,-0.0005787037037037,,-581.7573653230264,,,,0.0,,accepted_final_strategy_research_integration_v1,7d885ae0fcac7679,RETROSPECTIVE_PAPER_BACKFILL
2026-06-08,C3A1_003,RDY,SHORT,-0.0092592592592592,-0.0005787037037037,,-581.7573653230264,,,,0.0,,accepted_final_strategy_research_integration_v1,7d885ae0fcac7679,RETROSPECTIVE_PAPER_BACKFILL
2026-06-08,C3A1_003,ADT,SHORT,-0.0092592592592592,-0.0005787037037037,,-581.7573653230264,,,,0.0,,accepted_final_strategy_research_integration_v1,7d885ae0fcac7679,RETROSPECTIVE_PAPER_BACKFILL
2026-06-08,C3A1_003,MMM,SHORT,-0.0092592592592592,-0.0005787037037037,,-581.7573653230264,,,,0.0,,accepted_final_strategy_research_integration_v1,7d885ae0fcac7679,RETROSPECTIVE_PAPER_BACKFILL
2026-06-08,C3A1_003,RGEN,SHORT,-0.0092592592592592,-0.0005787037037037,,-581.7573653230264,,,,0.0,,accepted_final_strategy_research_integration_v1,7d885ae0fcac7679,RETROSPECTIVE_PAPER_BACKFILL
2026-06-08,C3A1_013,BRK.B,LONG,0.0092592592592592,0.0005787037037037,,576.3825774349162,,,,0.0,,accepted_final_strategy_research_integration_v1,7d885ae0fcac7679,RETROSPECTIVE_PAPER_BACKFILL
2026-06-08,C3A1_013,COST,LONG,0.0092592592592592,0.0005787037037037,,576.3825774349162,,,,0.0,,accepted_final_strategy_research_integration_v1,7d885ae0fcac7679,RETROSPECTIVE_PAPER_BACKFILL
2026-06-08,C3A1_013,INTC,LONG,0.0092592592592592,0.0005787037037037,,576.3825774349162,,,,0.0,,accepted_final_strategy_research_integration_v1,7d885ae0fcac7679,RETROSPECTIVE_PAPER_BACKFILL
2026-06-08,C3A1_013,KO,LONG,0.0092592592592592,0.0005787037037037,,576.3825774349162,,,,0.0,,accepted_final_strategy_research_integration_v1,7d885ae0fcac7679,RETROSPECTIVE_PAPER_BACKFILL
2026-06-08,C3A1_013,RTX,LONG,0.0092592592592592,0.0005787037037037,,576.3825774349162,,,,0.0,,accepted_final_strategy_research_integration_v1,7d885ae0fcac7679,RETROSPECTIVE_PAPER_BACKFILL
2026-06-08,C3A1_013,CMCSA,LONG,0.0092592592592592,0.0005787037037037,,576.3825774349162,,,,0.0,,accepted_final_strategy_research_integration_v1,7d885ae0fcac7679,RETROSPECTIVE_PAPER_BACKFILL
2026-06-08,C3A1_013,APP,LONG,0.0092592592592592,0.0005787037037037,,576.3825774349162,,,,0.0,,accepted_final_strategy_research_integration_v1,7d885ae0fcac7679,RETROSPECTIVE_PAPER_BACKFILL
2026-06-08,C3A1_013,PGR,LONG,0.0092592592592592,0.0005787037037037,,576.3825774349162,,,,0.0,,accepted_final_strategy_research_integration_v1,7d885ae0fcac7679,RETROSPECTIVE_PAPER_BACKFILL
2026-06-08,C3A1_013,AEP,LONG,0.0092592592592592,0.0005787037037037,,576.3825774349162,,,,0.0,,accepted_final_strategy_research_integration_v1,7d885ae0fcac7679,RETROSPECTIVE_PAPER_BACKFILL
2026-06-08,C3A1_013,MMM,LONG,0.0092592592592592,0.0005787037037037,,576.3825774349162,,,,0.0,,accepted_final_strategy_research_integration_v1,7d885ae0fcac7679,RETROSPECTIVE_PAPER_BACKFILL
2026-06-08,C3A1_013,SNPS,LONG,0.0092592592592592,0.0005787037037037,,576.3825774349162,,,,0.0,,accepted_final_strategy_research_integration_v1,7d885ae0fcac7679,RETROSPECTIVE_PAPER_BACKFILL
2026-06-08,C3A1_013,ORLY,LONG,0.0092592592592592,0.0005787037037037,,576.3825774349162,,,,0.0,,accepted_final_strategy_research_integration_v1,7d885ae0fcac7679,RETROSPECTIVE_PAPER_BACKFILL
2026-06-08,C3A1_013,KALV,SHORT,-0.0092592592592592,-0.0005787037037037,,-576.3825774349162,,,,0.0,,accepted_final_strategy_research_integration_v1,7d885ae0fcac7679,RETROSPECTIVE_PAPER_BACKFILL
2026-06-08,C3A1_013,USLM,SHORT,-0.0092592592592592,-0.0005787037037037,,-576.3825774349162,,,,0.0,,accepted_final_strategy_research_integration_v1,7d885ae0fcac7679,RETROSPECTIVE_PAPER_BACKFILL
2026-06-08,C3A1_013,VTOL,SHORT,-0.0092592592592592,-0.0005787037037037,,-576.3825774349162,,,,0.0,,accepted_final_strategy_research_integration_v1,7d885ae0fcac7679,RETROSPECTIVE_PAPER_BACKFILL
2026-06-08,C3A1_013,NSP,SHORT,-0.0092592592592592,-0.0005787037037037,,-576.3825774349162,,,,0.0,,accepted_final_strategy_research_integration_v1,7d885ae0fcac7679,RETROSPECTIVE_PAPER_BACKFILL
2026-06-08,C3A1_013,GAB,SHORT,-0.0092592592592592,-0.0005787037037037,,-576.3825774349162,,,,0.0,,accepted_final_strategy_research_integration_v1,7d885ae0fcac7679,RETROSPECTIVE_PAPER_BACKFILL
2026-06-08,C3A1_013,CCB,SHORT,-0.0092592592592592,-0.0005787037037037,,-576.3825774349162,,,,0.0,,accepted_final_strategy_research_integration_v1,7d885ae0fcac7679,RETROSPECTIVE_PAPER_BACKFILL
2026-06-08,C3A1_013,PRG,SHORT,-0.0092592592592592,-0.0005787037037037,,-576.3825774349162,,,,0.0,,accepted_final_strategy_research_integration_v1,7d885ae0fcac7679,RETROSPECTIVE_PAPER_BACKFILL
2026-06-08,C3A1_013,SENEA,SHORT,-0.0092592592592592,-0.0005787037037037,,-576.3825774349162,,,,0.0,,accepted_final_strategy_research_integration_v1,7d885ae0fcac7679,RETROSPECTIVE_PAPER_BACKFILL
2026-06-08,C3A1_013,PAX,SHORT,-0.0092592592592592,-0.0005787037037037,,-576.3825774349162,,,,0.0,,accepted_final_strategy_research_integration_v1,7d885ae0fcac7679,RETROSPECTIVE_PAPER_BACKFILL
2026-06-08,C3A1_013,OBK,SHORT,-0.0092592592592592,-0.0005787037037037,,-576.3825774349162,,,,0.0,,accepted_final_strategy_research_integration_v1,7d885ae0fcac7679,RETROSPECTIVE_PAPER_BACKFILL
2026-06-08,C3A1_013,NAVN,SHORT,-0.0092592592592592,-0.0005787037037037,,-576.3825774349162,,,,0.0,,accepted_final_strategy_research_integration_v1,7d885ae0fcac7679,RETROSPECTIVE_PAPER_BACKFILL
2026-06-08,C3A1_013,CCOI,SHORT,-0.0092592592592592,-0.0005787037037037,,-576.3825774349162,,,,0.0,,accepted_final_strategy_research_integration_v1,7d885ae0fcac7679,RETROSPECTIVE_PAPER_BACKFILL
2026-06-08,C3A2_008,VICR,LONG,0.0092592592592592,0.0005787037037037,,582.5033934122174,,,,0.0,,accepted_final_strategy_research_integration_v1,7d885ae0fcac7679,RETROSPECTIVE_PAPER_BACKFILL
2026-06-08,C3A2_008,CAPR,LONG,0.0092592592592592,0.0005787037037037,,582.5033934122174,,,,0.0,,accepted_final_strategy_research_integration_v1,7d885ae0fcac7679,RETROSPECTIVE_PAPER_BACKFILL
2026-06-08,C3A2_008,BE,LONG,0.0092592592592592,0.0005787037037037,,582.5033934122174,,,,0.0,,accepted_final_strategy_research_integration_v1,7d885ae0fcac7679,RETROSPECTIVE_PAPER_BACKFILL
2026-06-08,C3A2_008,CLYM,LONG,0.0092592592592592,0.0005787037037037,,582.5033934122174,,,,0.0,,accepted_final_strategy_research_integration_v1,7d885ae0fcac7679,RETROSPECTIVE_PAPER_BACKFILL
2026-06-08,C3A2_008,UCTT,LONG,0.0092592592592592,0.0005787037037037,,582.5033934122174,,,,0.0,,accepted_final_strategy_research_integration_v1,7d885ae0fcac7679,RETROSPECTIVE_PAPER_BACKFILL
2026-06-08,C3A2_008,INTC,LONG,0.0092592592592592,0.0005787037037037,,582.5033934122174,,,,0.0,,accepted_final_strategy_research_integration_v1,7d885ae0fcac7679,RETROSPECTIVE_PAPER_BACKFILL
2026-06-08,C3A2_008,JBIO,LONG,0.0092592592592592,0.0005787037037037,,582.5033934122174,,,,0.0,,accepted_final_strategy_research_integration_v1,7d885ae0fcac7679,RETROSPECTIVE_PAPER_BACKFILL
2026-06-08,C3A2_008,SIDU,LONG,0.0092592592592592,0.0005787037037037,,582.5033934122174,,,,0.0,,accepted_final_strategy_research_integration_v1,7d885ae0fcac7679,RETROSPECTIVE_PAPER_BACKFILL
2026-06-08,C3A2_008,CRVS,LONG,0.0092592592592592,0.0005787037037037,,582.5033934122174,,,,0.0,,accepted_final_strategy_research_integration_v1,7d885ae0fcac7679,RETROSPECTIVE_PAPER_BACKFILL
2026-06-08,C3A2_008,LUNR,LONG,0.0092592592592592,0.0005787037037037,,582.5033934122174,,,,0.0,,accepted_final_strategy_research_integration_v1,7d885ae0fcac7679,RETROSPECTIVE_PAPER_BACKFILL
2026-06-08,C3A2_008,MKSI,LONG,0.0092592592592592,0.0005787037037037,,582.5033934122174,,,,0.0,,accepted_final_strategy_research_integration_v1,7d885ae0fcac7679,RETROSPECTIVE_PAPER_BACKFILL
2026-06-08,C3A2_008,HL,LONG,0.0092592592592592,0.0005787037037037,,582.5033934122174,,,,0.0,,accepted_final_strategy_research_integration_v1,7d885ae0fcac7679,RETROSPECTIVE_PAPER_BACKFILL
2026-06-08,C3A2_008,SWKS,SHORT,-0.0092592592592592,-0.0005787037037037,,-582.5033934122174,,,,0.0,,accepted_final_strategy_research_integration_v1,7d885ae0fcac7679,RETROSPECTIVE_PAPER_BACKFILL
2026-06-08,C3A2_008,ADT,SHORT,-0.0092592592592592,-0.0005787037037037,,-582.5033934122174,,,,0.0,,accepted_final_strategy_research_integration_v1,7d885ae0fcac7679,RETROSPECTIVE_PAPER_BACKFILL
2026-06-08,C3A2_008,HEI.A,SHORT,-0.0092592592592592,-0.0005787037037037,,-582.5033934122174,,,,0.0,,accepted_final_strategy_research_integration_v1,7d885ae0fcac7679,RETROSPECTIVE_PAPER_BACKFILL
2026-06-08,C3A2_008,BBY,SHORT,-0.0092592592592592,-0.0005787037037037,,-582.5033934122174,,,,0.0,,accepted_final_strategy_research_integration_v1,7d885ae0fcac7679,RETROSPECTIVE_PAPER_BACKFILL
2026-06-08,C3A2_008,SNPS,SHORT,-0.0092592592592592,-0.0005787037037037,,-582.5033934122174,,,,0.0,,accepted_final_strategy_research_integration_v1,7d885ae0fcac7679,RETROSPECTIVE_PAPER_BACKFILL
2026-06-08,C3A2_008,ADSK,SHORT,-0.0092592592592592,-0.0005787037037037,,-582.5033934122174,,,,0.0,,accepted_final_strategy_research_integration_v1,7d885ae0fcac7679,RETROSPECTIVE_PAPER_BACKFILL
2026-06-08,C3A2_008,PCOR,SHORT,-0.0092592592592592,-0.0005787037037037,,-582.5033934122174,,,,0.0,,accepted_final_strategy_research_integration_v1,7d885ae0fcac7679,RETROSPECTIVE_PAPER_BACKFILL
2026-06-08,C3A2_008,OTF,SHORT,-0.0092592592592592,-0.0005787037037037,,-582.5033934122174,,,,0.0,,accepted_final_strategy_research_integration_v1,7d885ae0fcac7679,RETROSPECTIVE_PAPER_BACKFILL
2026-06-08,C3A2_008,CVSA,SHORT,-0.0092592592592592,-0.0005787037037037,,-582.5033934122174,,,,0.0,,accepted_final_strategy_research_integration_v1,7d885ae0fcac7679,RETROSPECTIVE_PAPER_BACKFILL
2026-06-08,C3A2_008,LW,SHORT,-0.0092592592592592,-0.0005787037037037,,-582.5033934122174,,,,0.0,,accepted_final_strategy_research_integration_v1,7d885ae0fcac7679,RETROSPECTIVE_PAPER_BACKFILL
2026-06-08,C3A2_008,ITGR,SHORT,-0.0092592592592592,-0.0005787037037037,,-582.5033934122174,,,,0.0,,accepted_final_strategy_research_integration_v1,7d885ae0fcac7679,RETROSPECTIVE_PAPER_BACKFILL
2026-06-08,C3A2_008,EQH,SHORT,-0.0092592592592592,-0.0005787037037037,,-582.5033934122174,,,,0.0,,accepted_final_strategy_research_integration_v1,7d885ae0fcac7679,RETROSPECTIVE_PAPER_BACKFILL
2026-06-08,C3A1_001,CAPR,LONG,0.0096153846153846,0.0006009615384615375,,600.7384218500983,,,,0.0,,accepted_final_strategy_research_integration_v1,7d885ae0fcac7679,RETROSPECTIVE_PAPER_BACKFILL
2026-06-08,C3A1_001,BE,LONG,0.0096153846153846,0.0006009615384615375,,600.7384218500983,,,,0.0,,accepted_final_strategy_research_integration_v1,7d885ae0fcac7679,RETROSPECTIVE_PAPER_BACKFILL
2026-06-08,C3A1_001,CRVS,LONG,0.0096153846153846,0.0006009615384615375,,600.7384218500983,,,,0.0,,accepted_final_strategy_research_integration_v1,7d885ae0fcac7679,RETROSPECTIVE_PAPER_BACKFILL
2026-06-08,C3A1_001,CLYM,LONG,0.0096153846153846,0.0006009615384615375,,600.7384218500983,,,,0.0,,accepted_final_strategy_research_integration_v1,7d885ae0fcac7679,RETROSPECTIVE_PAPER_BACKFILL
2026-06-08,C3A1_001,UUUU,LONG,0.0096153846153846,0.0006009615384615375,,600.7384218500983,,,,0.0,,accepted_final_strategy_research_integration_v1,7d885ae0fcac7679,RETROSPECTIVE_PAPER_BACKFILL
2026-06-08,C3A1_001,HL,LONG,0.0096153846153846,0.0006009615384615375,,600.7384218500983,,,,0.0,,accepted_final_strategy_research_integration_v1,7d885ae0fcac7679,RETROSPECTIVE_PAPER_BACKFILL
2026-06-08,C3A1_001,VICR,LONG,0.0096153846153846,0.0006009615384615375,,600.7384218500983,,,,0.0,,accepted_final_strategy_research_integration_v1,7d885ae0fcac7679,RETROSPECTIVE_PAPER_BACKFILL
2026-06-08,C3A1_001,USAR,LONG,0.0096153846153846,0.0006009615384615375,,600.7384218500983,,,,0.0,,accepted_final_strategy_research_integration_v1,7d885ae0fcac7679,RETROSPECTIVE_PAPER_BACKFILL
2026-06-08,C3A1_001,JBIO,LONG,0.0096153846153846,0.0006009615384615375,,600.7384218500983,,,,0.0,,accepted_final_strategy_research_integration_v1,7d885ae0fcac7679,RETROSPECTIVE_PAPER_BACKFILL
2026-06-08,C3A1_001,ASM,LONG,0.0096153846153846,0.0006009615384615375,,600.7384218500983,,,,0.0,,accepted_final_strategy_research_integration_v1,7d885ae0fcac7679,RETROSPECTIVE_PAPER_BACKFILL
2026-06-08,C3A1_001,ASTS,LONG,0.0096153846153846,0.0006009615384615375,,600.7384218500983,,,,0.0,,accepted_final_strategy_research_integration_v1,7d885ae0fcac7679,RETROSPECTIVE_PAPER_BACKFILL
2026-06-08,C3A1_001,INTC,LONG,0.0096153846153846,0.0006009615384615375,,600.7384218500983,,,,0.0,,accepted_final_strategy_research_integration_v1,7d885ae0fcac7679,RETROSPECTIVE_PAPER_BACKFILL
2026-06-08,C3A1_001,AMH,SHORT,-0.0096153846153846,-0.0006009615384615375,,-600.7384218500983,,,,0.0,,accepted_final_strategy_research_integration_v1,7d885ae0fcac7679,RETROSPECTIVE_PAPER_BACKFILL
2026-06-08,C3A1_001,BBY,SHORT,-0.0096153846153846,-0.0006009615384615375,,-600.7384218500983,,,,0.0,,accepted_final_strategy_research_integration_v1,7d885ae0fcac7679,RETROSPECTIVE_PAPER_BACKFILL
2026-06-08,C3A1_001,DASH,SHORT,-0.0096153846153846,-0.0006009615384615375,,-600.7384218500983,,,,0.0,,accepted_final_strategy_research_integration_v1,7d885ae0fcac7679,RETROSPECTIVE_PAPER_BACKFILL
2026-06-08,C3A1_001,MAA,SHORT,-0.0096153846153846,-0.0006009615384615375,,-600.7384218500983,,,,0.0,,accepted_final_strategy_research_integration_v1,7d885ae0fcac7679,RETROSPECTIVE_PAPER_BACKFILL
2026-06-08,C3A1_001,GLBE,SHORT,-0.0096153846153846,-0.0006009615384615375,,-600.7384218500983,,,,0.0,,accepted_final_strategy_research_integration_v1,7d885ae0fcac7679,RETROSPECTIVE_PAPER_BACKFILL
2026-06-08,C3A1_001,VTS,SHORT,-0.0096153846153846,-0.0006009615384615375,,-600.7384218500983,,,,0.0,,accepted_final_strategy_research_integration_v1,7d885ae0fcac7679,RETROSPECTIVE_PAPER_BACKFILL
2026-06-08,C3A1_001,SNPS,SHORT,-0.0096153846153846,-0.0006009615384615375,,-600.7384218500983,,,,0.0,,accepted_final_strategy_research_integration_v1,7d885ae0fcac7679,RETROSPECTIVE_PAPER_BACKFILL
2026-06-08,C3A1_001,APAM,SHORT,-0.0096153846153846,-0.0006009615384615375,,-600.7384218500983,,,,0.0,,accepted_final_strategy_research_integration_v1,7d885ae0fcac7679,RETROSPECTIVE_PAPER_BACKFILL
2026-06-08,C3A1_001,DECK,SHORT,-0.0096153846153846,-0.0006009615384615375,,-600.7384218500983,,,,0.0,,accepted_final_strategy_research_integration_v1,7d885ae0fcac7679,RETROSPECTIVE_PAPER_BACKFILL
2026-06-08,C3A1_001,PGR,SHORT,-0.0096153846153846,-0.0006009615384615375,,-600.7384218500983,,,,0.0,,accepted_final_strategy_research_integration_v1,7d885ae0fcac7679,RETROSPECTIVE_PAPER_BACKFILL
2026-06-08,C3A1_001,STEP,SHORT,-0.0096153846153846,-0.0006009615384615375,,-600.7384218500983,,,,0.0,,accepted_final_strategy_research_integration_v1,7d885ae0fcac7679,RETROSPECTIVE_PAPER_BACKFILL
2026-06-08,C3A1_001,ESAB,SHORT,-0.0096153846153846,-0.0006009615384615375,,-600.7384218500983,,,,0.0,,accepted_final_strategy_research_integration_v1,7d885ae0fcac7679,RETROSPECTIVE_PAPER_BACKFILL
2026-06-08,C3A1_015,CLYM,LONG,0.0092592592592592,0.0005787037037037,,588.360671583058,,,,0.0,,accepted_final_strategy_research_integration_v1,7d885ae0fcac7679,RETROSPECTIVE_PAPER_BACKFILL
2026-06-08,C3A1_015,SATL,LONG,0.0092592592592592,0.0005787037037037,,588.360671583058,,,,0.0,,accepted_final_strategy_research_integration_v1,7d885ae0fcac7679,RETROSPECTIVE_PAPER_BACKFILL
2026-06-08,C3A1_015,UCTT,LONG,0.0092592592592592,0.0005787037037037,,588.360671583058,,,,0.0,,accepted_final_strategy_research_integration_v1,7d885ae0fcac7679,RETROSPECTIVE_PAPER_BACKFILL
2026-06-08,C3A1_015,INTC,LONG,0.0092592592592592,0.0005787037037037,,588.360671583058,,,,0.0,,accepted_final_strategy_research_integration_v1,7d885ae0fcac7679,RETROSPECTIVE_PAPER_BACKFILL
2026-06-08,C3A1_015,ARW,LONG,0.0092592592592592,0.0005787037037037,,588.360671583058,,,,0.0,,accepted_final_strategy_research_integration_v1,7d885ae0fcac7679,RETROSPECTIVE_PAPER_BACKFILL
2026-06-08,C3A1_015,CAPR,LONG,0.0092592592592592,0.0005787037037037,,588.360671583058,,,,0.0,,accepted_final_strategy_research_integration_v1,7d885ae0fcac7679,RETROSPECTIVE_PAPER_BACKFILL
2026-06-08,C3A1_015,WSR,LONG,0.0092592592592592,0.0005787037037037,,588.360671583058,,,,0.0,,accepted_final_strategy_research_integration_v1,7d885ae0fcac7679,RETROSPECTIVE_PAPER_BACKFILL
2026-06-08,C3A1_015,GFS,LONG,0.0092592592592592,0.0005787037037037,,588.360671583058,,,,0.0,,accepted_final_strategy_research_integration_v1,7d885ae0fcac7679,RETROSPECTIVE_PAPER_BACKFILL
2026-06-08,C3A1_015,CVLG,LONG,0.0092592592592592,0.0005787037037037,,588.360671583058,,,,0.0,,accepted_final_strategy_research_integration_v1,7d885ae0fcac7679,RETROSPECTIVE_PAPER_BACKFILL
2026-06-08,C3A1_015,VICR,LONG,0.0092592592592592,0.0005787037037037,,588.360671583058,,,,0.0,,accepted_final_strategy_research_integration_v1,7d885ae0fcac7679,RETROSPECTIVE_PAPER_BACKFILL
2026-06-08,C3A1_015,MKSI,LONG,0.0092592592592592,0.0005787037037037,,588.360671583058,,,,0.0,,accepted_final_strategy_research_integration_v1,7d885ae0fcac7679,RETROSPECTIVE_PAPER_BACKFILL
2026-06-08,C3A1_015,LNTH,LONG,0.0092592592592592,0.0005787037037037,,588.360671583058,,,,0.0,,accepted_final_strategy_research_integration_v1,7d885ae0fcac7679,RETROSPECTIVE_PAPER_BACKFILL
2026-06-08,C3A1_015,ALRM,SHORT,-0.0092592592592592,-0.0005787037037037,,-588.360671583058,,,,0.0,,accepted_final_strategy_research_integration_v1,7d885ae0fcac7679,RETROSPECTIVE_PAPER_BACKFILL
2026-06-08,C3A1_015,ESAB,SHORT,-0.0092592592592592,-0.0005787037037037,,-588.360671583058,,,,0.0,,accepted_final_strategy_research_integration_v1,7d885ae0fcac7679,RETROSPECTIVE_PAPER_BACKFILL
2026-06-08,C3A1_015,IMSR,SHORT,-0.0092592592592592,-0.0005787037037037,,-588.360671583058,,,,0.0,,accepted_final_strategy_research_integration_v1,7d885ae0fcac7679,RETROSPECTIVE_PAPER_BACKFILL
2026-06-08,C3A1_015,PATH,SHORT,-0.0092592592592592,-0.0005787037037037,,-588.360671583058,,,,0.0,,accepted_final_strategy_research_integration_v1,7d885ae0fcac7679,RETROSPECTIVE_PAPER_BACKFILL
2026-06-08,C3A1_015,HAYW,SHORT,-0.0092592592592592,-0.0005787037037037,,-588.360671583058,,,,0.0,,accepted_final_strategy_research_integration_v1,7d885ae0fcac7679,RETROSPECTIVE_PAPER_BACKFILL
2026-06-08,C3A1_015,BRK.A,SHORT,-0.0092592592592592,-0.0005787037037037,,-588.360671583058,,,,0.0,,accepted_final_strategy_research_integration_v1,7d885ae0fcac7679,RETROSPECTIVE_PAPER_BACKFILL
2026-06-08,C3A1_015,HYT,SHORT,-0.0092592592592592,-0.0005787037037037,,-588.360671583058,,,,0.0,,accepted_final_strategy_research_integration_v1,7d885ae0fcac7679,RETROSPECTIVE_PAPER_BACKFILL
2026-06-08,C3A1_015,OTF,SHORT,-0.0092592592592592,-0.0005787037037037,,-588.360671583058,,,,0.0,,accepted_final_strategy_research_integration_v1,7d885ae0fcac7679,RETROSPECTIVE_PAPER_BACKFILL
2026-06-08,C3A1_015,GLBE,SHORT,-0.0092592592592592,-0.0005787037037037,,-588.360671583058,,,,0.0,,accepted_final_strategy_research_integration_v1,7d885ae0fcac7679,RETROSPECTIVE_PAPER_BACKFILL
2026-06-08,C3A1_015,BBSI,SHORT,-0.0092592592592592,-0.0005787037037037,,-588.360671583058,,,,0.0,,accepted_final_strategy_research_integration_v1,7d885ae0fcac7679,RETROSPECTIVE_PAPER_BACKFILL
2026-06-08,C3A1_015,RHLD,SHORT,-0.0092592592592592,-0.0005787037037037,,-588.360671583058,,,,0.0,,accepted_final_strategy_research_integration_v1,7d885ae0fcac7679,RETROSPECTIVE_PAPER_BACKFILL
2026-06-08,C3A1_015,PAYC,SHORT,-0.0092592592592592,-0.0005787037037037,,-588.360671583058,,,,0.0,,accepted_final_strategy_research_integration_v1,7d885ae0fcac7679,RETROSPECTIVE_PAPER_BACKFILL
2026-06-08,FUNDAMENTAL_MOMENTUM,ABBV,LONG,0.0454545454545454,0.0028409090909090875,,2824.2761161554554,,,,0.0,,accepted_final_strategy_research_integration_v1,7d885ae0fcac7679,RETROSPECTIVE_PAPER_BACKFILL
2026-06-08,FUNDAMENTAL_MOMENTUM,ADBE,LONG,0.0454545454545454,0.0028409090909090875,,2824.2761161554554,,,,0.0,,accepted_final_strategy_research_integration_v1,7d885ae0fcac7679,RETROSPECTIVE_PAPER_BACKFILL
2026-06-08,FUNDAMENTAL_MOMENTUM,AMD,LONG,0.0454545454545454,0.0028409090909090875,,2824.2761161554554,,,,0.0,,accepted_final_strategy_research_integration_v1,7d885ae0fcac7679,RETROSPECTIVE_PAPER_BACKFILL
2026-06-08,FUNDAMENTAL_MOMENTUM,BKNG,LONG,0.0454545454545454,0.0028409090909090875,,2824.2761161554554,,,,0.0,,accepted_final_strategy_research_integration_v1,7d885ae0fcac7679,RETROSPECTIVE_PAPER_BACKFILL
2026-06-08,FUNDAMENTAL_MOMENTUM,LLY,LONG,0.0454545454545454,0.0028409090909090875,,2824.2761161554554,,,,0.0,,accepted_final_strategy_research_integration_v1,7d885ae0fcac7679,RETROSPECTIVE_PAPER_BACKFILL
2026-06-08,FUNDAMENTAL_MOMENTUM,MA,LONG,0.0454545454545454,0.0028409090909090875,,2824.2761161554554,,,,0.0,,accepted_final_strategy_research_integration_v1,7d885ae0fcac7679,RETROSPECTIVE_PAPER_BACKFILL
2026-06-08,FUNDAMENTAL_MOMENTUM,MU,LONG,0.0454545454545454,0.0028409090909090875,,2824.2761161554554,,,,0.0,,accepted_final_strategy_research_integration_v1,7d885ae0fcac7679,RETROSPECTIVE_PAPER_BACKFILL
2026-06-08,FUNDAMENTAL_MOMENTUM,NFLX,LONG,0.0454545454545454,0.0028409090909090875,,2824.2761161554554,,,,0.0,,accepted_final_strategy_research_integration_v1,7d885ae0fcac7679,RETROSPECTIVE_PAPER_BACKFILL
2026-06-08,FUNDAMENTAL_MOMENTUM,QCOM,LONG,0.0454545454545454,0.0028409090909090875,,2824.2761161554554,,,,0.0,,accepted_final_strategy_research_integration_v1,7d885ae0fcac7679,RETROSPECTIVE_PAPER_BACKFILL
2026-06-08,FUNDAMENTAL_MOMENTUM,RTX,LONG,0.0454545454545454,0.0028409090909090875,,2824.2761161554554,,,,0.0,,accepted_final_strategy_research_integration_v1,7d885ae0fcac7679,RETROSPECTIVE_PAPER_BACKFILL
2026-06-08,FUNDAMENTAL_MOMENTUM,TXN,LONG,0.0454545454545454,0.0028409090909090875,,2824.2761161554554,,,,0.0,,accepted_final_strategy_research_integration_v1,7d885ae0fcac7679,RETROSPECTIVE_PAPER_BACKFILL
2026-06-08,FUNDAMENTAL_MOMENTUM,CAT,SHORT,-0.0454545454545454,-0.0028409090909090875,,-2824.2761161554554,,,,0.0,,accepted_final_strategy_research_integration_v1,7d885ae0fcac7679,RETROSPECTIVE_PAPER_BACKFILL
2026-06-08,FUNDAMENTAL_MOMENTUM,CVX,SHORT,-0.0454545454545454,-0.0028409090909090875,,-2824.2761161554554,,,,0.0,,accepted_final_strategy_research_integration_v1,7d885ae0fcac7679,RETROSPECTIVE_PAPER_BACKFILL
2026-06-08,FUNDAMENTAL_MOMENTUM,DE,SHORT,-0.0454545454545454,-0.0028409090909090875,,-2824.2761161554554,,,,0.0,,accepted_final_strategy_research_integration_v1,7d885ae0fcac7679,RETROSPECTIVE_PAPER_BACKFILL
2026-06-08,FUNDAMENTAL_MOMENTUM,HD,SHORT,-0.0454545454545454,-0.0028409090909090875,,-2824.2761161554554,,,,0.0,,accepted_final_strategy_research_integration_v1,7d885ae0fcac7679,RETROSPECTIVE_PAPER_BACKFILL
2026-06-08,FUNDAMENTAL_MOMENTUM,JPM,SHORT,-0.0454545454545454,-0.0028409090909090875,,-2824.2761161554554,,,,0.0,,accepted_final_strategy_research_integration_v1,7d885ae0fcac7679,RETROSPECTIVE_PAPER_BACKFILL
2026-06-08,FUNDAMENTAL_MOMENTUM,LOW,SHORT,-0.0454545454545454,-0.0028409090909090875,,-2824.2761161554554,,,,0.0,,accepted_final_strategy_research_integration_v1,7d885ae0fcac7679,RETROSPECTIVE_PAPER_BACKFILL
2026-06-08,FUNDAMENTAL_MOMENTUM,MRK,SHORT,-0.0454545454545454,-0.0028409090909090875,,-2824.2761161554554,,,,0.0,,accepted_final_strategy_research_integration_v1,7d885ae0fcac7679,RETROSPECTIVE_PAPER_BACKFILL
2026-06-08,FUNDAMENTAL_MOMENTUM,NKE,SHORT,-0.0454545454545454,-0.0028409090909090875,,-2824.2761161554554,,,,0.0,,accepted_final_strategy_research_integration_v1,7d885ae0fcac7679,RETROSPECTIVE_PAPER_BACKFILL
2026-06-08,FUNDAMENTAL_MOMENTUM,SBUX,SHORT,-0.0454545454545454,-0.0028409090909090875,,-2824.2761161554554,,,,0.0,,accepted_final_strategy_research_integration_v1,7d885ae0fcac7679,RETROSPECTIVE_PAPER_BACKFILL
2026-06-08,FUNDAMENTAL_MOMENTUM,TGT,SHORT,-0.0454545454545454,-0.0028409090909090875,,-2824.2761161554554,,,,0.0,,accepted_final_strategy_research_integration_v1,7d885ae0fcac7679,RETROSPECTIVE_PAPER_BACKFILL
2026-06-08,FUNDAMENTAL_MOMENTUM,XOM,SHORT,-0.0454545454545454,-0.0028409090909090875,,-2824.2761161554554,,,,0.0,,accepted_final_strategy_research_integration_v1,7d885ae0fcac7679,RETROSPECTIVE_PAPER_BACKFILL
2026-06-08,EARNINGS_QUALITY,ABBV,LONG,0.0416666666666666,0.0026041666666666626,,2579.1980967825843,,,,0.0,,accepted_final_strategy_research_integration_v1,7d885ae0fcac7679,RETROSPECTIVE_PAPER_BACKFILL
2026-06-08,EARNINGS_QUALITY,ADBE,LONG,0.0416666666666666,0.0026041666666666626,,2579.1980967825843,,,,0.0,,accepted_final_strategy_research_integration_v1,7d885ae0fcac7679,RETROSPECTIVE_PAPER_BACKFILL
2026-06-08,EARNINGS_QUALITY,AMD,LONG,0.0416666666666666,0.0026041666666666626,,2579.1980967825843,,,,0.0,,accepted_final_strategy_research_integration_v1,7d885ae0fcac7679,RETROSPECTIVE_PAPER_BACKFILL
2026-06-08,EARNINGS_QUALITY,AMZN,LONG,0.0416666666666666,0.0026041666666666626,,2579.1980967825843,,,,0.0,,accepted_final_strategy_research_integration_v1,7d885ae0fcac7679,RETROSPECTIVE_PAPER_BACKFILL
2026-06-08,EARNINGS_QUALITY,BAC,LONG,0.0416666666666666,0.0026041666666666626,,2579.1980967825843,,,,0.0,,accepted_final_strategy_research_integration_v1,7d885ae0fcac7679,RETROSPECTIVE_PAPER_BACKFILL
2026-06-08,EARNINGS_QUALITY,BKNG,LONG,0.0416666666666666,0.0026041666666666626,,2579.1980967825843,,,,0.0,,accepted_final_strategy_research_integration_v1,7d885ae0fcac7679,RETROSPECTIVE_PAPER_BACKFILL
2026-06-08,EARNINGS_QUALITY,CMCSA,LONG,0.0416666666666666,0.0026041666666666626,,2579.1980967825843,,,,0.0,,accepted_final_strategy_research_integration_v1,7d885ae0fcac7679,RETROSPECTIVE_PAPER_BACKFILL
2026-06-08,EARNINGS_QUALITY,COP,LONG,0.0416666666666666,0.0026041666666666626,,2579.1980967825843,,,,0.0,,accepted_final_strategy_research_integration_v1,7d885ae0fcac7679,RETROSPECTIVE_PAPER_BACKFILL
2026-06-08,EARNINGS_QUALITY,CRM,LONG,0.0416666666666666,0.0026041666666666626,,2579.1980967825843,,,,0.0,,accepted_final_strategy_research_integration_v1,7d885ae0fcac7679,RETROSPECTIVE_PAPER_BACKFILL
2026-06-08,EARNINGS_QUALITY,IBM,LONG,0.0416666666666666,0.0026041666666666626,,2579.1980967825843,,,,0.0,,accepted_final_strategy_research_integration_v1,7d885ae0fcac7679,RETROSPECTIVE_PAPER_BACKFILL
2026-06-08,EARNINGS_QUALITY,MSFT,LONG,0.0416666666666666,0.0026041666666666626,,2579.1980967825843,,,,0.0,,accepted_final_strategy_research_integration_v1,7d885ae0fcac7679,RETROSPECTIVE_PAPER_BACKFILL
2026-06-08,EARNINGS_QUALITY,ORCL,LONG,0.0416666666666666,0.0026041666666666626,,2579.1980967825843,,,,0.0,,accepted_final_strategy_research_integration_v1,7d885ae0fcac7679,RETROSPECTIVE_PAPER_BACKFILL
2026-06-08,EARNINGS_QUALITY,BLK,SHORT,-0.0416666666666666,-0.0026041666666666626,,-2579.1980967825843,,,,0.0,,accepted_final_strategy_research_integration_v1,7d885ae0fcac7679,RETROSPECTIVE_PAPER_BACKFILL
2026-06-08,EARNINGS_QUALITY,DE,SHORT,-0.0416666666666666,-0.0026041666666666626,,-2579.1980967825843,,,,0.0,,accepted_final_strategy_research_integration_v1,7d885ae0fcac7679,RETROSPECTIVE_PAPER_BACKFILL
2026-06-08,EARNINGS_QUALITY,F,SHORT,-0.0416666666666666,-0.0026041666666666626,,-2579.1980967825843,,,,0.0,,accepted_final_strategy_research_integration_v1,7d885ae0fcac7679,RETROSPECTIVE_PAPER_BACKFILL
2026-06-08,EARNINGS_QUALITY,GS,SHORT,-0.0416666666666666,-0.0026041666666666626,,-2579.1980967825843,,,,0.0,,accepted_final_strategy_research_integration_v1,7d885ae0fcac7679,RETROSPECTIVE_PAPER_BACKFILL
2026-06-08,EARNINGS_QUALITY,HON,SHORT,-0.0416666666666666,-0.0026041666666666626,,-2579.1980967825843,,,,0.0,,accepted_final_strategy_research_integration_v1,7d885ae0fcac7679,RETROSPECTIVE_PAPER_BACKFILL
2026-06-08,EARNINGS_QUALITY,JNJ,SHORT,-0.0416666666666666,-0.0026041666666666626,,-2579.1980967825843,,,,0.0,,accepted_final_strategy_research_integration_v1,7d885ae0fcac7679,RETROSPECTIVE_PAPER_BACKFILL
2026-06-08,EARNINGS_QUALITY,JPM,SHORT,-0.0416666666666666,-0.0026041666666666626,,-2579.1980967825843,,,,0.0,,accepted_final_strategy_research_integration_v1,7d885ae0fcac7679,RETROSPECTIVE_PAPER_BACKFILL
2026-06-08,EARNINGS_QUALITY,KO,SHORT,-0.0416666666666666,-0.0026041666666666626,,-2579.1980967825843,,,,0.0,,accepted_final_strategy_research_integration_v1,7d885ae0fcac7679,RETROSPECTIVE_PAPER_BACKFILL
2026-06-08,EARNINGS_QUALITY,LMT,SHORT,-0.0416666666666666,-0.0026041666666666626,,-2579.1980967825843,,,,0.0,,accepted_final_strategy_research_integration_v1,7d885ae0fcac7679,RETROSPECTIVE_PAPER_BACKFILL
2026-06-08,EARNINGS_QUALITY,NKE,SHORT,-0.0416666666666666,-0.0026041666666666626,,-2579.1980967825843,,,,0.0,,accepted_final_strategy_research_integration_v1,7d885ae0fcac7679,RETROSPECTIVE_PAPER_BACKFILL
2026-06-08,EARNINGS_QUALITY,PEP,SHORT,-0.0416666666666666,-0.0026041666666666626,,-2579.1980967825843,,,,0.0,,accepted_final_strategy_research_integration_v1,7d885ae0fcac7679,RETROSPECTIVE_PAPER_BACKFILL
2026-06-08,EARNINGS_QUALITY,QCOM,SHORT,-0.0416666666666666,-0.0026041666666666626,,-2579.1980967825843,,,,0.0,,accepted_final_strategy_research_integration_v1,7d885ae0fcac7679,RETROSPECTIVE_PAPER_BACKFILL
2026-06-08,MARGIN_IMPROVEMENT,ADBE,LONG,0.0555555555555555,0.0034722222222222186,,3475.2140572293715,,,,0.0,,accepted_final_strategy_research_integration_v1,7d885ae0fcac7679,RETROSPECTIVE_PAPER_BACKFILL
2026-06-08,MARGIN_IMPROVEMENT,AMD,LONG,0.0555555555555555,0.0034722222222222186,,3475.2140572293715,,,,0.0,,accepted_final_strategy_research_integration_v1,7d885ae0fcac7679,RETROSPECTIVE_PAPER_BACKFILL
2026-06-08,MARGIN_IMPROVEMENT,DIS,LONG,0.0555555555555555,0.0034722222222222186,,3475.2140572293715,,,,0.0,,accepted_final_strategy_research_integration_v1,7d885ae0fcac7679,RETROSPECTIVE_PAPER_BACKFILL
2026-06-08,MARGIN_IMPROVEMENT,INTC,LONG,0.0555555555555555,0.0034722222222222186,,3475.2140572293715,,,,0.0,,accepted_final_strategy_research_integration_v1,7d885ae0fcac7679,RETROSPECTIVE_PAPER_BACKFILL
2026-06-08,MARGIN_IMPROVEMENT,KO,LONG,0.0555555555555555,0.0034722222222222186,,3475.2140572293715,,,,0.0,,accepted_final_strategy_research_integration_v1,7d885ae0fcac7679,RETROSPECTIVE_PAPER_BACKFILL
2026-06-08,MARGIN_IMPROVEMENT,MA,LONG,0.0555555555555555,0.0034722222222222186,,3475.2140572293715,,,,0.0,,accepted_final_strategy_research_integration_v1,7d885ae0fcac7679,RETROSPECTIVE_PAPER_BACKFILL
2026-06-08,MARGIN_IMPROVEMENT,MU,LONG,0.0555555555555555,0.0034722222222222186,,3475.2140572293715,,,,0.0,,accepted_final_strategy_research_integration_v1,7d885ae0fcac7679,RETROSPECTIVE_PAPER_BACKFILL
2026-06-08,MARGIN_IMPROVEMENT,NFLX,LONG,0.0555555555555555,0.0034722222222222186,,3475.2140572293715,,,,0.0,,accepted_final_strategy_research_integration_v1,7d885ae0fcac7679,RETROSPECTIVE_PAPER_BACKFILL
2026-06-08,MARGIN_IMPROVEMENT,RTX,LONG,0.0555555555555555,0.0034722222222222186,,3475.2140572293715,,,,0.0,,accepted_final_strategy_research_integration_v1,7d885ae0fcac7679,RETROSPECTIVE_PAPER_BACKFILL
2026-06-08,MARGIN_IMPROVEMENT,BLK,SHORT,-0.0555555555555555,-0.0034722222222222186,,-3475.2140572293715,,,,0.0,,accepted_final_strategy_research_integration_v1,7d885ae0fcac7679,RETROSPECTIVE_PAPER_BACKFILL
2026-06-08,MARGIN_IMPROVEMENT,CAT,SHORT,-0.0555555555555555,-0.0034722222222222186,,-3475.2140572293715,,,,0.0,,accepted_final_strategy_research_integration_v1,7d885ae0fcac7679,RETROSPECTIVE_PAPER_BACKFILL
2026-06-08,MARGIN_IMPROVEMENT,DE,SHORT,-0.0555555555555555,-0.0034722222222222186,,-3475.2140572293715,,,,0.0,,accepted_final_strategy_research_integration_v1,7d885ae0fcac7679,RETROSPECTIVE_PAPER_BACKFILL
2026-06-08,MARGIN_IMPROVEMENT,HD,SHORT,-0.0555555555555555,-0.0034722222222222186,,-3475.2140572293715,,,,0.0,,accepted_final_strategy_research_integration_v1,7d885ae0fcac7679,RETROSPECTIVE_PAPER_BACKFILL
2026-06-08,MARGIN_IMPROVEMENT,HON,SHORT,-0.0555555555555555,-0.0034722222222222186,,-3475.2140572293715,,,,0.0,,accepted_final_strategy_research_integration_v1,7d885ae0fcac7679,RETROSPECTIVE_PAPER_BACKFILL
2026-06-08,MARGIN_IMPROVEMENT,NVDA,SHORT,-0.0555555555555555,-0.0034722222222222186,,-3475.2140572293715,,,,0.0,,accepted_final_strategy_research_integration_v1,7d885ae0fcac7679,RETROSPECTIVE_PAPER_BACKFILL
2026-06-08,MARGIN_IMPROVEMENT,PEP,SHORT,-0.0555555555555555,-0.0034722222222222186,,-3475.2140572293715,,,,0.0,,accepted_final_strategy_research_integration_v1,7d885ae0fcac7679,RETROSPECTIVE_PAPER_BACKFILL
2026-06-08,MARGIN_IMPROVEMENT,SBUX,SHORT,-0.0555555555555555,-0.0034722222222222186,,-3475.2140572293715,,,,0.0,,accepted_final_strategy_research_integration_v1,7d885ae0fcac7679,RETROSPECTIVE_PAPER_BACKFILL
2026-06-08,MARGIN_IMPROVEMENT,UNH,SHORT,-0.0555555555555555,-0.0034722222222222186,,-3475.2140572293715,,,,0.0,,accepted_final_strategy_research_integration_v1,7d885ae0fcac7679,RETROSPECTIVE_PAPER_BACKFILL
2026-06-08,OVERNIGHT_INTRADAY_ENSEMBLE,ADBE,LONG,0.0416666666666666,0.0026041666666666626,,2605.7259104045306,,,,0.0,,accepted_final_strategy_research_integration_v1,7d885ae0fcac7679,RETROSPECTIVE_PAPER_BACKFILL
2026-06-08,OVERNIGHT_INTRADAY_ENSEMBLE,AMZN,LONG,0.0416666666666666,0.0026041666666666626,,2605.7259104045306,,,,0.0,,accepted_final_strategy_research_integration_v1,7d885ae0fcac7679,RETROSPECTIVE_PAPER_BACKFILL
2026-06-08,OVERNIGHT_INTRADAY_ENSEMBLE,AXP,LONG,0.0416666666666666,0.0026041666666666626,,2605.7259104045306,,,,0.0,,accepted_final_strategy_research_integration_v1,7d885ae0fcac7679,RETROSPECTIVE_PAPER_BACKFILL
2026-06-08,OVERNIGHT_INTRADAY_ENSEMBLE,BKNG,LONG,0.0416666666666666,0.0026041666666666626,,2605.7259104045306,,,,0.0,,accepted_final_strategy_research_integration_v1,7d885ae0fcac7679,RETROSPECTIVE_PAPER_BACKFILL
2026-06-08,OVERNIGHT_INTRADAY_ENSEMBLE,CRM,LONG,0.0416666666666666,0.0026041666666666626,,2605.7259104045306,,,,0.0,,accepted_final_strategy_research_integration_v1,7d885ae0fcac7679,RETROSPECTIVE_PAPER_BACKFILL
2026-06-08,OVERNIGHT_INTRADAY_ENSEMBLE,GM,LONG,0.0416666666666666,0.0026041666666666626,,2605.7259104045306,,,,0.0,,accepted_final_strategy_research_integration_v1,7d885ae0fcac7679,RETROSPECTIVE_PAPER_BACKFILL
2026-06-08,OVERNIGHT_INTRADAY_ENSEMBLE,GOOGL,LONG,0.0416666666666666,0.0026041666666666626,,2605.7259104045306,,,,0.0,,accepted_final_strategy_research_integration_v1,7d885ae0fcac7679,RETROSPECTIVE_PAPER_BACKFILL
2026-06-08,OVERNIGHT_INTRADAY_ENSEMBLE,INTC,LONG,0.0416666666666666,0.0026041666666666626,,2605.7259104045306,,,,0.0,,accepted_final_strategy_research_integration_v1,7d885ae0fcac7679,RETROSPECTIVE_PAPER_BACKFILL
2026-06-08,OVERNIGHT_INTRADAY_ENSEMBLE,JPM,LONG,0.0416666666666666,0.0026041666666666626,,2605.7259104045306,,,,0.0,,accepted_final_strategy_research_integration_v1,7d885ae0fcac7679,RETROSPECTIVE_PAPER_BACKFILL
2026-06-08,OVERNIGHT_INTRADAY_ENSEMBLE,META,LONG,0.0416666666666666,0.0026041666666666626,,2605.7259104045306,,,,0.0,,accepted_final_strategy_research_integration_v1,7d885ae0fcac7679,RETROSPECTIVE_PAPER_BACKFILL
2026-06-08,OVERNIGHT_INTRADAY_ENSEMBLE,MRK,LONG,0.0416666666666666,0.0026041666666666626,,2605.7259104045306,,,,0.0,,accepted_final_strategy_research_integration_v1,7d885ae0fcac7679,RETROSPECTIVE_PAPER_BACKFILL
2026-06-08,OVERNIGHT_INTRADAY_ENSEMBLE,WMT,LONG,0.0416666666666666,0.0026041666666666626,,2605.7259104045306,,,,0.0,,accepted_final_strategy_research_integration_v1,7d885ae0fcac7679,RETROSPECTIVE_PAPER_BACKFILL
2026-06-08,OVERNIGHT_INTRADAY_ENSEMBLE,CSCO,SHORT,-0.0416666666666666,-0.0026041666666666626,,-2605.7259104045306,,,,0.0,,accepted_final_strategy_research_integration_v1,7d885ae0fcac7679,RETROSPECTIVE_PAPER_BACKFILL
2026-06-08,OVERNIGHT_INTRADAY_ENSEMBLE,CVX,SHORT,-0.0416666666666666,-0.0026041666666666626,,-2605.7259104045306,,,,0.0,,accepted_final_strategy_research_integration_v1,7d885ae0fcac7679,RETROSPECTIVE_PAPER_BACKFILL
2026-06-08,OVERNIGHT_INTRADAY_ENSEMBLE,DE,SHORT,-0.0416666666666666,-0.0026041666666666626,,-2605.7259104045306,,,,0.0,,accepted_final_strategy_research_integration_v1,7d885ae0fcac7679,RETROSPECTIVE_PAPER_BACKFILL
2026-06-08,OVERNIGHT_INTRADAY_ENSEMBLE,GILD,SHORT,-0.0416666666666666,-0.0026041666666666626,,-2605.7259104045306,,,,0.0,,accepted_final_strategy_research_integration_v1,7d885ae0fcac7679,RETROSPECTIVE_PAPER_BACKFILL
2026-06-08,OVERNIGHT_INTRADAY_ENSEMBLE,HON,SHORT,-0.0416666666666666,-0.0026041666666666626,,-2605.7259104045306,,,,0.0,,accepted_final_strategy_research_integration_v1,7d885ae0fcac7679,RETROSPECTIVE_PAPER_BACKFILL
2026-06-08,OVERNIGHT_INTRADAY_ENSEMBLE,JNJ,SHORT,-0.0416666666666666,-0.0026041666666666626,,-2605.7259104045306,,,,0.0,,accepted_final_strategy_research_integration_v1,7d885ae0fcac7679,RETROSPECTIVE_PAPER_BACKFILL
2026-06-08,OVERNIGHT_INTRADAY_ENSEMBLE,LLY,SHORT,-0.0416666666666666,-0.0026041666666666626,,-2605.7259104045306,,,,0.0,,accepted_final_strategy_research_integration_v1,7d885ae0fcac7679,RETROSPECTIVE_PAPER_BACKFILL
2026-06-08,OVERNIGHT_INTRADAY_ENSEMBLE,LMT,SHORT,-0.0416666666666666,-0.0026041666666666626,,-2605.7259104045306,,,,0.0,,accepted_final_strategy_research_integration_v1,7d885ae0fcac7679,RETROSPECTIVE_PAPER_BACKFILL
2026-06-08,OVERNIGHT_INTRADAY_ENSEMBLE,LOW,SHORT,-0.0416666666666666,-0.0026041666666666626,,-2605.7259104045306,,,,0.0,,accepted_final_strategy_research_integration_v1,7d885ae0fcac7679,RETROSPECTIVE_PAPER_BACKFILL
2026-06-08,OVERNIGHT_INTRADAY_ENSEMBLE,MSFT,SHORT,-0.0416666666666666,-0.0026041666666666626,,-2605.7259104045306,,,,0.0,,accepted_final_strategy_research_integration_v1,7d885ae0fcac7679,RETROSPECTIVE_PAPER_BACKFILL
2026-06-08,OVERNIGHT_INTRADAY_ENSEMBLE,RTX,SHORT,-0.0416666666666666,-0.0026041666666666626,,-2605.7259104045306,,,,0.0,,accepted_final_strategy_research_integration_v1,7d885ae0fcac7679,RETROSPECTIVE_PAPER_BACKFILL
2026-06-08,OVERNIGHT_INTRADAY_ENSEMBLE,XOM,SHORT,-0.0416666666666666,-0.0026041666666666626,,-2605.7259104045306,,,,0.0,,accepted_final_strategy_research_integration_v1,7d885ae0fcac7679,RETROSPECTIVE_PAPER_BACKFILL
2026-06-08,FILING_SHOCK_CONTINUATION,ABBV,LONG,0.0454545454545454,0.0028409090909090875,,2833.925900949171,,,,0.0,,accepted_final_strategy_research_integration_v1,7d885ae0fcac7679,RETROSPECTIVE_PAPER_BACKFILL
2026-06-08,FILING_SHOCK_CONTINUATION,ADBE,LONG,0.0454545454545454,0.0028409090909090875,,2833.925900949171,,,,0.0,,accepted_final_strategy_research_integration_v1,7d885ae0fcac7679,RETROSPECTIVE_PAPER_BACKFILL
2026-06-08,FILING_SHOCK_CONTINUATION,AMD,LONG,0.0454545454545454,0.0028409090909090875,,2833.925900949171,,,,0.0,,accepted_final_strategy_research_integration_v1,7d885ae0fcac7679,RETROSPECTIVE_PAPER_BACKFILL
2026-06-08,FILING_SHOCK_CONTINUATION,BAC,LONG,0.0454545454545454,0.0028409090909090875,,2833.925900949171,,,,0.0,,accepted_final_strategy_research_integration_v1,7d885ae0fcac7679,RETROSPECTIVE_PAPER_BACKFILL
2026-06-08,FILING_SHOCK_CONTINUATION,CSCO,LONG,0.0454545454545454,0.0028409090909090875,,2833.925900949171,,,,0.0,,accepted_final_strategy_research_integration_v1,7d885ae0fcac7679,RETROSPECTIVE_PAPER_BACKFILL
2026-06-08,FILING_SHOCK_CONTINUATION,INTC,LONG,0.0454545454545454,0.0028409090909090875,,2833.925900949171,,,,0.0,,accepted_final_strategy_research_integration_v1,7d885ae0fcac7679,RETROSPECTIVE_PAPER_BACKFILL
2026-06-08,FILING_SHOCK_CONTINUATION,LLY,LONG,0.0454545454545454,0.0028409090909090875,,2833.925900949171,,,,0.0,,accepted_final_strategy_research_integration_v1,7d885ae0fcac7679,RETROSPECTIVE_PAPER_BACKFILL
2026-06-08,FILING_SHOCK_CONTINUATION,MA,LONG,0.0454545454545454,0.0028409090909090875,,2833.925900949171,,,,0.0,,accepted_final_strategy_research_integration_v1,7d885ae0fcac7679,RETROSPECTIVE_PAPER_BACKFILL
2026-06-08,FILING_SHOCK_CONTINUATION,MU,LONG,0.0454545454545454,0.0028409090909090875,,2833.925900949171,,,,0.0,,accepted_final_strategy_research_integration_v1,7d885ae0fcac7679,RETROSPECTIVE_PAPER_BACKFILL
2026-06-08,FILING_SHOCK_CONTINUATION,NFLX,LONG,0.0454545454545454,0.0028409090909090875,,2833.925900949171,,,,0.0,,accepted_final_strategy_research_integration_v1,7d885ae0fcac7679,RETROSPECTIVE_PAPER_BACKFILL
2026-06-08,FILING_SHOCK_CONTINUATION,QCOM,LONG,0.0454545454545454,0.0028409090909090875,,2833.925900949171,,,,0.0,,accepted_final_strategy_research_integration_v1,7d885ae0fcac7679,RETROSPECTIVE_PAPER_BACKFILL
2026-06-08,FILING_SHOCK_CONTINUATION,BLK,SHORT,-0.0454545454545454,-0.0028409090909090875,,-2833.925900949171,,,,0.0,,accepted_final_strategy_research_integration_v1,7d885ae0fcac7679,RETROSPECTIVE_PAPER_BACKFILL
2026-06-08,FILING_SHOCK_CONTINUATION,CVX,SHORT,-0.0454545454545454,-0.0028409090909090875,,-2833.925900949171,,,,0.0,,accepted_final_strategy_research_integration_v1,7d885ae0fcac7679,RETROSPECTIVE_PAPER_BACKFILL
2026-06-08,FILING_SHOCK_CONTINUATION,DE,SHORT,-0.0454545454545454,-0.0028409090909090875,,-2833.925900949171,,,,0.0,,accepted_final_strategy_research_integration_v1,7d885ae0fcac7679,RETROSPECTIVE_PAPER_BACKFILL
2026-06-08,FILING_SHOCK_CONTINUATION,HD,SHORT,-0.0454545454545454,-0.0028409090909090875,,-2833.925900949171,,,,0.0,,accepted_final_strategy_research_integration_v1,7d885ae0fcac7679,RETROSPECTIVE_PAPER_BACKFILL
2026-06-08,FILING_SHOCK_CONTINUATION,JPM,SHORT,-0.0454545454545454,-0.0028409090909090875,,-2833.925900949171,,,,0.0,,accepted_final_strategy_research_integration_v1,7d885ae0fcac7679,RETROSPECTIVE_PAPER_BACKFILL
2026-06-08,FILING_SHOCK_CONTINUATION,MRK,SHORT,-0.0454545454545454,-0.0028409090909090875,,-2833.925900949171,,,,0.0,,accepted_final_strategy_research_integration_v1,7d885ae0fcac7679,RETROSPECTIVE_PAPER_BACKFILL
2026-06-08,FILING_SHOCK_CONTINUATION,NKE,SHORT,-0.0454545454545454,-0.0028409090909090875,,-2833.925900949171,,,,0.0,,accepted_final_strategy_research_integration_v1,7d885ae0fcac7679,RETROSPECTIVE_PAPER_BACKFILL
2026-06-08,FILING_SHOCK_CONTINUATION,PFE,SHORT,-0.0454545454545454,-0.0028409090909090875,,-2833.925900949171,,,,0.0,,accepted_final_strategy_research_integration_v1,7d885ae0fcac7679,RETROSPECTIVE_PAPER_BACKFILL
2026-06-08,FILING_SHOCK_CONTINUATION,SBUX,SHORT,-0.0454545454545454,-0.0028409090909090875,,-2833.925900949171,,,,0.0,,accepted_final_strategy_research_integration_v1,7d885ae0fcac7679,RETROSPECTIVE_PAPER_BACKFILL
2026-06-08,FILING_SHOCK_CONTINUATION,TGT,SHORT,-0.0454545454545454,-0.0028409090909090875,,-2833.925900949171,,,,0.0,,accepted_final_strategy_research_integration_v1,7d885ae0fcac7679,RETROSPECTIVE_PAPER_BACKFILL
2026-06-08,FILING_SHOCK_CONTINUATION,XOM,SHORT,-0.0454545454545454,-0.0028409090909090875,,-2833.925900949171,,,,0.0,,accepted_final_strategy_research_integration_v1,7d885ae0fcac7679,RETROSPECTIVE_PAPER_BACKFILL
2026-06-08,FUNDAMENTAL_SHOCK_RECOVERY,AMAT,LONG,0.0555555555555555,0.0034722222222222186,,3480.296511602154,,,,0.0,,accepted_final_strategy_research_integration_v1,7d885ae0fcac7679,RETROSPECTIVE_PAPER_BACKFILL
2026-06-08,FUNDAMENTAL_SHOCK_RECOVERY,AMD,LONG,0.0555555555555555,0.0034722222222222186,,3480.296511602154,,,,0.0,,accepted_final_strategy_research_integration_v1,7d885ae0fcac7679,RETROSPECTIVE_PAPER_BACKFILL
2026-06-08,FUNDAMENTAL_SHOCK_RECOVERY,CSCO,LONG,0.0555555555555555,0.0034722222222222186,,3480.296511602154,,,,0.0,,accepted_final_strategy_research_integration_v1,7d885ae0fcac7679,RETROSPECTIVE_PAPER_BACKFILL
2026-06-08,FUNDAMENTAL_SHOCK_RECOVERY,GE,LONG,0.0555555555555555,0.0034722222222222186,,3480.296511602154,,,,0.0,,accepted_final_strategy_research_integration_v1,7d885ae0fcac7679,RETROSPECTIVE_PAPER_BACKFILL
2026-06-08,FUNDAMENTAL_SHOCK_RECOVERY,GOOGL,LONG,0.0555555555555555,0.0034722222222222186,,3480.296511602154,,,,0.0,,accepted_final_strategy_research_integration_v1,7d885ae0fcac7679,RETROSPECTIVE_PAPER_BACKFILL
2026-06-08,FUNDAMENTAL_SHOCK_RECOVERY,MMM,LONG,0.0555555555555555,0.0034722222222222186,,3480.296511602154,,,,0.0,,accepted_final_strategy_research_integration_v1,7d885ae0fcac7679,RETROSPECTIVE_PAPER_BACKFILL
2026-06-08,FUNDAMENTAL_SHOCK_RECOVERY,MU,LONG,0.0555555555555555,0.0034722222222222186,,3480.296511602154,,,,0.0,,accepted_final_strategy_research_integration_v1,7d885ae0fcac7679,RETROSPECTIVE_PAPER_BACKFILL
2026-06-08,FUNDAMENTAL_SHOCK_RECOVERY,ORCL,LONG,0.0555555555555555,0.0034722222222222186,,3480.296511602154,,,,0.0,,accepted_final_strategy_research_integration_v1,7d885ae0fcac7679,RETROSPECTIVE_PAPER_BACKFILL
2026-06-08,FUNDAMENTAL_SHOCK_RECOVERY,TXN,LONG,0.0555555555555555,0.0034722222222222186,,3480.296511602154,,,,0.0,,accepted_final_strategy_research_integration_v1,7d885ae0fcac7679,RETROSPECTIVE_PAPER_BACKFILL
2026-06-08,FUNDAMENTAL_SHOCK_RECOVERY,ABT,SHORT,-0.0555555555555555,-0.0034722222222222186,,-3480.296511602154,,,,0.0,,accepted_final_strategy_research_integration_v1,7d885ae0fcac7679,RETROSPECTIVE_PAPER_BACKFILL
2026-06-08,FUNDAMENTAL_SHOCK_RECOVERY,CMCSA,SHORT,-0.0555555555555555,-0.0034722222222222186,,-3480.296511602154,,,,0.0,,accepted_final_strategy_research_integration_v1,7d885ae0fcac7679,RETROSPECTIVE_PAPER_BACKFILL
2026-06-08,FUNDAMENTAL_SHOCK_RECOVERY,GILD,SHORT,-0.0555555555555555,-0.0034722222222222186,,-3480.296511602154,,,,0.0,,accepted_final_strategy_research_integration_v1,7d885ae0fcac7679,RETROSPECTIVE_PAPER_BACKFILL
2026-06-08,FUNDAMENTAL_SHOCK_RECOVERY,HON,SHORT,-0.0555555555555555,-0.0034722222222222186,,-3480.296511602154,,,,0.0,,accepted_final_strategy_research_integration_v1,7d885ae0fcac7679,RETROSPECTIVE_PAPER_BACKFILL
2026-06-08,FUNDAMENTAL_SHOCK_RECOVERY,INTC,SHORT,-0.0555555555555555,-0.0034722222222222186,,-3480.296511602154,,,,0.0,,accepted_final_strategy_research_integration_v1,7d885ae0fcac7679,RETROSPECTIVE_PAPER_BACKFILL
2026-06-08,FUNDAMENTAL_SHOCK_RECOVERY,LOW,SHORT,-0.0555555555555555,-0.0034722222222222186,,-3480.296511602154,,,,0.0,,accepted_final_strategy_research_integration_v1,7d885ae0fcac7679,RETROSPECTIVE_PAPER_BACKFILL
2026-06-08,FUNDAMENTAL_SHOCK_RECOVERY,NVDA,SHORT,-0.0555555555555555,-0.0034722222222222186,,-3480.296511602154,,,,0.0,,accepted_final_strategy_research_integration_v1,7d885ae0fcac7679,RETROSPECTIVE_PAPER_BACKFILL
2026-06-08,FUNDAMENTAL_SHOCK_RECOVERY,QCOM,SHORT,-0.0555555555555555,-0.0034722222222222186,,-3480.296511602154,,,,0.0,,accepted_final_strategy_research_integration_v1,7d885ae0fcac7679,RETROSPECTIVE_PAPER_BACKFILL
2026-06-08,FUNDAMENTAL_SHOCK_RECOVERY,UNH,SHORT,-0.0555555555555555,-0.0034722222222222186,,-3480.296511602154,,,,0.0,,accepted_final_strategy_research_integration_v1,7d885ae0fcac7679,RETROSPECTIVE_PAPER_BACKFILL
2026-06-08,CASH_FLOW_GROWTH_QUALITY,ADBE,LONG,0.0454545454545454,0.0028409090909090875,,2834.748161484605,,,,0.0,,accepted_final_strategy_research_integration_v1,7d885ae0fcac7679,RETROSPECTIVE_PAPER_BACKFILL
2026-06-08,CASH_FLOW_GROWTH_QUALITY,AMD,LONG,0.0454545454545454,0.0028409090909090875,,2834.748161484605,,,,0.0,,accepted_final_strategy_research_integration_v1,7d885ae0fcac7679,RETROSPECTIVE_PAPER_BACKFILL
2026-06-08,CASH_FLOW_GROWTH_QUALITY,AXP,LONG,0.0454545454545454,0.0028409090909090875,,2834.748161484605,,,,0.0,,accepted_final_strategy_research_integration_v1,7d885ae0fcac7679,RETROSPECTIVE_PAPER_BACKFILL
2026-06-08,CASH_FLOW_GROWTH_QUALITY,BAC,LONG,0.0454545454545454,0.0028409090909090875,,2834.748161484605,,,,0.0,,accepted_final_strategy_research_integration_v1,7d885ae0fcac7679,RETROSPECTIVE_PAPER_BACKFILL
2026-06-08,CASH_FLOW_GROWTH_QUALITY,CMCSA,LONG,0.0454545454545454,0.0028409090909090875,,2834.748161484605,,,,0.0,,accepted_final_strategy_research_integration_v1,7d885ae0fcac7679,RETROSPECTIVE_PAPER_BACKFILL
2026-06-08,CASH_FLOW_GROWTH_QUALITY,DIS,LONG,0.0454545454545454,0.0028409090909090875,,2834.748161484605,,,,0.0,,accepted_final_strategy_research_integration_v1,7d885ae0fcac7679,RETROSPECTIVE_PAPER_BACKFILL
2026-06-08,CASH_FLOW_GROWTH_QUALITY,GE,LONG,0.0454545454545454,0.0028409090909090875,,2834.748161484605,,,,0.0,,accepted_final_strategy_research_integration_v1,7d885ae0fcac7679,RETROSPECTIVE_PAPER_BACKFILL
2026-06-08,CASH_FLOW_GROWTH_QUALITY,LLY,LONG,0.0454545454545454,0.0028409090909090875,,2834.748161484605,,,,0.0,,accepted_final_strategy_research_integration_v1,7d885ae0fcac7679,RETROSPECTIVE_PAPER_BACKFILL
2026-06-08,CASH_FLOW_GROWTH_QUALITY,META,LONG,0.0454545454545454,0.0028409090909090875,,2834.748161484605,,,,0.0,,accepted_final_strategy_research_integration_v1,7d885ae0fcac7679,RETROSPECTIVE_PAPER_BACKFILL
2026-06-08,CASH_FLOW_GROWTH_QUALITY,MU,LONG,0.0454545454545454,0.0028409090909090875,,2834.748161484605,,,,0.0,,accepted_final_strategy_research_integration_v1,7d885ae0fcac7679,RETROSPECTIVE_PAPER_BACKFILL
2026-06-08,CASH_FLOW_GROWTH_QUALITY,NFLX,LONG,0.0454545454545454,0.0028409090909090875,,2834.748161484605,,,,0.0,,accepted_final_strategy_research_integration_v1,7d885ae0fcac7679,RETROSPECTIVE_PAPER_BACKFILL
2026-06-08,CASH_FLOW_GROWTH_QUALITY,AMAT,SHORT,-0.0454545454545454,-0.0028409090909090875,,-2834.748161484605,,,,0.0,,accepted_final_strategy_research_integration_v1,7d885ae0fcac7679,RETROSPECTIVE_PAPER_BACKFILL
2026-06-08,CASH_FLOW_GROWTH_QUALITY,BLK,SHORT,-0.0454545454545454,-0.0028409090909090875,,-2834.748161484605,,,,0.0,,accepted_final_strategy_research_integration_v1,7d885ae0fcac7679,RETROSPECTIVE_PAPER_BACKFILL
2026-06-08,CASH_FLOW_GROWTH_QUALITY,DE,SHORT,-0.0454545454545454,-0.0028409090909090875,,-2834.748161484605,,,,0.0,,accepted_final_strategy_research_integration_v1,7d885ae0fcac7679,RETROSPECTIVE_PAPER_BACKFILL
2026-06-08,CASH_FLOW_GROWTH_QUALITY,HD,SHORT,-0.0454545454545454,-0.0028409090909090875,,-2834.748161484605,,,,0.0,,accepted_final_strategy_research_integration_v1,7d885ae0fcac7679,RETROSPECTIVE_PAPER_BACKFILL
2026-06-08,CASH_FLOW_GROWTH_QUALITY,HON,SHORT,-0.0454545454545454,-0.0028409090909090875,,-2834.748161484605,,,,0.0,,accepted_final_strategy_research_integration_v1,7d885ae0fcac7679,RETROSPECTIVE_PAPER_BACKFILL
2026-06-08,CASH_FLOW_GROWTH_QUALITY,JPM,SHORT,-0.0454545454545454,-0.0028409090909090875,,-2834.748161484605,,,,0.0,,accepted_final_strategy_research_integration_v1,7d885ae0fcac7679,RETROSPECTIVE_PAPER_BACKFILL
2026-06-08,CASH_FLOW_GROWTH_QUALITY,MRK,SHORT,-0.0454545454545454,-0.0028409090909090875,,-2834.748161484605,,,,0.0,,accepted_final_strategy_research_integration_v1,7d885ae0fcac7679,RETROSPECTIVE_PAPER_BACKFILL
2026-06-08,CASH_FLOW_GROWTH_QUALITY,NKE,SHORT,-0.0454545454545454,-0.0028409090909090875,,-2834.748161484605,,,,0.0,,accepted_final_strategy_research_integration_v1,7d885ae0fcac7679,RETROSPECTIVE_PAPER_BACKFILL
2026-06-08,CASH_FLOW_GROWTH_QUALITY,PEP,SHORT,-0.0454545454545454,-0.0028409090909090875,,-2834.748161484605,,,,0.0,,accepted_final_strategy_research_integration_v1,7d885ae0fcac7679,RETROSPECTIVE_PAPER_BACKFILL
2026-06-08,CASH_FLOW_GROWTH_QUALITY,SBUX,SHORT,-0.0454545454545454,-0.0028409090909090875,,-2834.748161484605,,,,0.0,,accepted_final_strategy_research_integration_v1,7d885ae0fcac7679,RETROSPECTIVE_PAPER_BACKFILL
2026-06-08,CASH_FLOW_GROWTH_QUALITY,UNH,SHORT,-0.0454545454545454,-0.0028409090909090875,,-2834.748161484605,,,,0.0,,accepted_final_strategy_research_integration_v1,7d885ae0fcac7679,RETROSPECTIVE_PAPER_BACKFILL
2026-06-08,OVERNIGHT_GAP_REVERSAL_REDUCED_TURNOVER,ALNT,LONG,0.0833333333333333,0.005208333333333331,,5303.562458702074,,,,0.0,,accepted_final_strategy_research_integration_v1,7d885ae0fcac7679,RETROSPECTIVE_PAPER_BACKFILL
2026-06-08,OVERNIGHT_GAP_REVERSAL_REDUCED_TURNOVER,APA,LONG,0.0833333333333333,0.005208333333333331,,5303.562458702074,,,,0.0,,accepted_final_strategy_research_integration_v1,7d885ae0fcac7679,RETROSPECTIVE_PAPER_BACKFILL
2026-06-08,OVERNIGHT_GAP_REVERSAL_REDUCED_TURNOVER,DXPE,LONG,0.0833333333333333,0.005208333333333331,,5303.562458702074,,,,0.0,,accepted_final_strategy_research_integration_v1,7d885ae0fcac7679,RETROSPECTIVE_PAPER_BACKFILL
2026-06-08,OVERNIGHT_GAP_REVERSAL_REDUCED_TURNOVER,PRVA,LONG,0.0833333333333333,0.005208333333333331,,5303.562458702074,,,,0.0,,accepted_final_strategy_research_integration_v1,7d885ae0fcac7679,RETROSPECTIVE_PAPER_BACKFILL
2026-06-08,OVERNIGHT_GAP_REVERSAL_REDUCED_TURNOVER,QUBT,LONG,0.0833333333333333,0.005208333333333331,,5303.562458702074,,,,0.0,,accepted_final_strategy_research_integration_v1,7d885ae0fcac7679,RETROSPECTIVE_PAPER_BACKFILL
2026-06-08,OVERNIGHT_GAP_REVERSAL_REDUCED_TURNOVER,VIR,LONG,0.0833333333333333,0.005208333333333331,,5303.562458702074,,,,0.0,,accepted_final_strategy_research_integration_v1,7d885ae0fcac7679,RETROSPECTIVE_PAPER_BACKFILL
2026-06-08,OVERNIGHT_GAP_REVERSAL_REDUCED_TURNOVER,EOSE,SHORT,-0.0833333333333333,-0.005208333333333331,,-5303.562458702074,,,,0.0,,accepted_final_strategy_research_integration_v1,7d885ae0fcac7679,RETROSPECTIVE_PAPER_BACKFILL
2026-06-08,OVERNIGHT_GAP_REVERSAL_REDUCED_TURNOVER,FIG,SHORT,-0.0833333333333333,-0.005208333333333331,,-5303.562458702074,,,,0.0,,accepted_final_strategy_research_integration_v1,7d885ae0fcac7679,RETROSPECTIVE_PAPER_BACKFILL
2026-06-08,OVERNIGHT_GAP_REVERSAL_REDUCED_TURNOVER,HRB,SHORT,-0.0833333333333333,-0.005208333333333331,,-5303.562458702074,,,,0.0,,accepted_final_strategy_research_integration_v1,7d885ae0fcac7679,RETROSPECTIVE_PAPER_BACKFILL
2026-06-08,OVERNIGHT_GAP_REVERSAL_REDUCED_TURNOVER,MCHB,SHORT,-0.0833333333333333,-0.005208333333333331,,-5303.562458702074,,,,0.0,,accepted_final_strategy_research_integration_v1,7d885ae0fcac7679,RETROSPECTIVE_PAPER_BACKFILL
2026-06-08,OVERNIGHT_GAP_REVERSAL_REDUCED_TURNOVER,TREX,SHORT,-0.0833333333333333,-0.005208333333333331,,-5303.562458702074,,,,0.0,,accepted_final_strategy_research_integration_v1,7d885ae0fcac7679,RETROSPECTIVE_PAPER_BACKFILL
2026-06-08,OVERNIGHT_GAP_REVERSAL_REDUCED_TURNOVER,VCTR,SHORT,-0.0833333333333333,-0.005208333333333331,,-5303.562458702074,,,,0.0,,accepted_final_strategy_research_integration_v1,7d885ae0fcac7679,RETROSPECTIVE_PAPER_BACKFILL
2026-06-08,LIQUIDITY_ADJUSTED_MOMENTUM,AEIS,LONG,0.0116279069767441,0.0007267441860465062,,737.308568894894,,,,0.0,,accepted_final_strategy_research_integration_v1,7d885ae0fcac7679,RETROSPECTIVE_PAPER_BACKFILL
2026-06-08,LIQUIDITY_ADJUSTED_MOMENTUM,AMAT,LONG,0.0116279069767441,0.0007267441860465062,,737.308568894894,,,,0.0,,accepted_final_strategy_research_integration_v1,7d885ae0fcac7679,RETROSPECTIVE_PAPER_BACKFILL
2026-06-08,LIQUIDITY_ADJUSTED_MOMENTUM,APA,LONG,0.0116279069767441,0.0007267441860465062,,737.308568894894,,,,0.0,,accepted_final_strategy_research_integration_v1,7d885ae0fcac7679,RETROSPECTIVE_PAPER_BACKFILL
2026-06-08,LIQUIDITY_ADJUSTED_MOMENTUM,ARCB,LONG,0.0116279069767441,0.0007267441860465062,,737.308568894894,,,,0.0,,accepted_final_strategy_research_integration_v1,7d885ae0fcac7679,RETROSPECTIVE_PAPER_BACKFILL
2026-06-08,LIQUIDITY_ADJUSTED_MOMENTUM,ARTV,LONG,0.0116279069767441,0.0007267441860465062,,737.308568894894,,,,0.0,,accepted_final_strategy_research_integration_v1,7d885ae0fcac7679,RETROSPECTIVE_PAPER_BACKFILL
2026-06-08,LIQUIDITY_ADJUSTED_MOMENTUM,AUGO,LONG,0.0116279069767441,0.0007267441860465062,,737.308568894894,,,,0.0,,accepted_final_strategy_research_integration_v1,7d885ae0fcac7679,RETROSPECTIVE_PAPER_BACKFILL
2026-06-08,LIQUIDITY_ADJUSTED_MOMENTUM,BELFB,LONG,0.0116279069767441,0.0007267441860465062,,737.308568894894,,,,0.0,,accepted_final_strategy_research_integration_v1,7d885ae0fcac7679,RETROSPECTIVE_PAPER_BACKFILL
2026-06-08,LIQUIDITY_ADJUSTED_MOMENTUM,BIOA,LONG,0.0116279069767441,0.0007267441860465062,,737.308568894894,,,,0.0,,accepted_final_strategy_research_integration_v1,7d885ae0fcac7679,RETROSPECTIVE_PAPER_BACKFILL
2026-06-08,LIQUIDITY_ADJUSTED_MOMENTUM,CAT,LONG,0.0116279069767441,0.0007267441860465062,,737.308568894894,,,,0.0,,accepted_final_strategy_research_integration_v1,7d885ae0fcac7679,RETROSPECTIVE_PAPER_BACKFILL
2026-06-08,LIQUIDITY_ADJUSTED_MOMENTUM,COP,LONG,0.0116279069767441,0.0007267441860465062,,737.308568894894,,,,0.0,,accepted_final_strategy_research_integration_v1,7d885ae0fcac7679,RETROSPECTIVE_PAPER_BACKFILL
2026-06-08,LIQUIDITY_ADJUSTED_MOMENTUM,CRVS,LONG,0.0116279069767441,0.0007267441860465062,,737.308568894894,,,,0.0,,accepted_final_strategy_research_integration_v1,7d885ae0fcac7679,RETROSPECTIVE_PAPER_BACKFILL
2026-06-08,LIQUIDITY_ADJUSTED_MOMENTUM,DAN,LONG,0.0116279069767441,0.0007267441860465062,,737.308568894894,,,,0.0,,accepted_final_strategy_research_integration_v1,7d885ae0fcac7679,RETROSPECTIVE_PAPER_BACKFILL
2026-06-08,LIQUIDITY_ADJUSTED_MOMENTUM,DXPE,LONG,0.0116279069767441,0.0007267441860465062,,737.308568894894,,,,0.0,,accepted_final_strategy_research_integration_v1,7d885ae0fcac7679,RETROSPECTIVE_PAPER_BACKFILL
2026-06-08,LIQUIDITY_ADJUSTED_MOMENTUM,ECVT,LONG,0.0116279069767441,0.0007267441860465062,,737.308568894894,,,,0.0,,accepted_final_strategy_research_integration_v1,7d885ae0fcac7679,RETROSPECTIVE_PAPER_BACKFILL
2026-06-08,LIQUIDITY_ADJUSTED_MOMENTUM,FLEX,LONG,0.0116279069767441,0.0007267441860465062,,737.308568894894,,,,0.0,,accepted_final_strategy_research_integration_v1,7d885ae0fcac7679,RETROSPECTIVE_PAPER_BACKFILL
2026-06-08,LIQUIDITY_ADJUSTED_MOMENTUM,HLF,LONG,0.0116279069767441,0.0007267441860465062,,737.308568894894,,,,0.0,,accepted_final_strategy_research_integration_v1,7d885ae0fcac7679,RETROSPECTIVE_PAPER_BACKFILL
2026-06-08,LIQUIDITY_ADJUSTED_MOMENTUM,INTC,LONG,0.0116279069767441,0.0007267441860465062,,737.308568894894,,,,0.0,,accepted_final_strategy_research_integration_v1,7d885ae0fcac7679,RETROSPECTIVE_PAPER_BACKFILL
2026-06-08,LIQUIDITY_ADJUSTED_MOMENTUM,LGN,LONG,0.0116279069767441,0.0007267441860465062,,737.308568894894,,,,0.0,,accepted_final_strategy_research_integration_v1,7d885ae0fcac7679,RETROSPECTIVE_PAPER_BACKFILL
2026-06-08,LIQUIDITY_ADJUSTED_MOMENTUM,LUNR,LONG,0.0116279069767441,0.0007267441860465062,,737.308568894894,,,,0.0,,accepted_final_strategy_research_integration_v1,7d885ae0fcac7679,RETROSPECTIVE_PAPER_BACKFILL
2026-06-08,LIQUIDITY_ADJUSTED_MOMENTUM,MEOH,LONG,0.0116279069767441,0.0007267441860465062,,737.308568894894,,,,0.0,,accepted_final_strategy_research_integration_v1,7d885ae0fcac7679,RETROSPECTIVE_PAPER_BACKFILL
2026-06-08,LIQUIDITY_ADJUSTED_MOMENTUM,MPLT,LONG,0.0116279069767441,0.0007267441860465062,,737.308568894894,,,,0.0,,accepted_final_strategy_research_integration_v1,7d885ae0fcac7679,RETROSPECTIVE_PAPER_BACKFILL
2026-06-08,LIQUIDITY_ADJUSTED_MOMENTUM,MU,LONG,0.0116279069767441,0.0007267441860465062,,737.308568894894,,,,0.0,,accepted_final_strategy_research_integration_v1,7d885ae0fcac7679,RETROSPECTIVE_PAPER_BACKFILL
2026-06-08,LIQUIDITY_ADJUSTED_MOMENTUM,NEXA,LONG,0.0116279069767441,0.0007267441860465062,,737.308568894894,,,,0.0,,accepted_final_strategy_research_integration_v1,7d885ae0fcac7679,RETROSPECTIVE_PAPER_BACKFILL
2026-06-08,LIQUIDITY_ADJUSTED_MOMENTUM,NSA,LONG,0.0116279069767441,0.0007267441860465062,,737.308568894894,,,,0.0,,accepted_final_strategy_research_integration_v1,7d885ae0fcac7679,RETROSPECTIVE_PAPER_BACKFILL
2026-06-08,LIQUIDITY_ADJUSTED_MOMENTUM,OBE,LONG,0.0116279069767441,0.0007267441860465062,,737.308568894894,,,,0.0,,accepted_final_strategy_research_integration_v1,7d885ae0fcac7679,RETROSPECTIVE_PAPER_BACKFILL
2026-06-08,LIQUIDITY_ADJUSTED_MOMENTUM,ODFL,LONG,0.0116279069767441,0.0007267441860465062,,737.308568894894,,,,0.0,,accepted_final_strategy_research_integration_v1,7d885ae0fcac7679,RETROSPECTIVE_PAPER_BACKFILL
2026-06-08,LIQUIDITY_ADJUSTED_MOMENTUM,ONDS,LONG,0.0116279069767441,0.0007267441860465062,,737.308568894894,,,,0.0,,accepted_final_strategy_research_integration_v1,7d885ae0fcac7679,RETROSPECTIVE_PAPER_BACKFILL
2026-06-08,LIQUIDITY_ADJUSTED_MOMENTUM,OPTX,LONG,0.0116279069767441,0.0007267441860465062,,737.308568894894,,,,0.0,,accepted_final_strategy_research_integration_v1,7d885ae0fcac7679,RETROSPECTIVE_PAPER_BACKFILL
2026-06-08,LIQUIDITY_ADJUSTED_MOMENTUM,RDW,LONG,0.0116279069767441,0.0007267441860465062,,737.308568894894,,,,0.0,,accepted_final_strategy_research_integration_v1,7d885ae0fcac7679,RETROSPECTIVE_PAPER_BACKFILL
2026-06-08,LIQUIDITY_ADJUSTED_MOMENTUM,SAIA,LONG,0.0116279069767441,0.0007267441860465062,,737.308568894894,,,,0.0,,accepted_final_strategy_research_integration_v1,7d885ae0fcac7679,RETROSPECTIVE_PAPER_BACKFILL
2026-06-08,LIQUIDITY_ADJUSTED_MOMENTUM,SATS,LONG,0.0116279069767441,0.0007267441860465062,,737.308568894894,,,,0.0,,accepted_final_strategy_research_integration_v1,7d885ae0fcac7679,RETROSPECTIVE_PAPER_BACKFILL
2026-06-08,LIQUIDITY_ADJUSTED_MOMENTUM,SKE,LONG,0.0116279069767441,0.0007267441860465062,,737.308568894894,,,,0.0,,accepted_final_strategy_research_integration_v1,7d885ae0fcac7679,RETROSPECTIVE_PAPER_BACKFILL
2026-06-08,LIQUIDITY_ADJUSTED_MOMENTUM,SLS,LONG,0.0116279069767441,0.0007267441860465062,,737.308568894894,,,,0.0,,accepted_final_strategy_research_integration_v1,7d885ae0fcac7679,RETROSPECTIVE_PAPER_BACKFILL
2026-06-08,LIQUIDITY_ADJUSTED_MOMENTUM,STRO,LONG,0.0116279069767441,0.0007267441860465062,,737.308568894894,,,,0.0,,accepted_final_strategy_research_integration_v1,7d885ae0fcac7679,RETROSPECTIVE_PAPER_BACKFILL
2026-06-08,LIQUIDITY_ADJUSTED_MOMENTUM,TGT,LONG,0.0116279069767441,0.0007267441860465062,,737.308568894894,,,,0.0,,accepted_final_strategy_research_integration_v1,7d885ae0fcac7679,RETROSPECTIVE_PAPER_BACKFILL
2026-06-08,LIQUIDITY_ADJUSTED_MOMENTUM,TXN,LONG,0.0116279069767441,0.0007267441860465062,,737.308568894894,,,,0.0,,accepted_final_strategy_research_integration_v1,7d885ae0fcac7679,RETROSPECTIVE_PAPER_BACKFILL
2026-06-08,LIQUIDITY_ADJUSTED_MOMENTUM,TYRA,LONG,0.0116279069767441,0.0007267441860465062,,737.308568894894,,,,0.0,,accepted_final_strategy_research_integration_v1,7d885ae0fcac7679,RETROSPECTIVE_PAPER_BACKFILL
2026-06-08,LIQUIDITY_ADJUSTED_MOMENTUM,UCTT,LONG,0.0116279069767441,0.0007267441860465062,,737.308568894894,,,,0.0,,accepted_final_strategy_research_integration_v1,7d885ae0fcac7679,RETROSPECTIVE_PAPER_BACKFILL
2026-06-08,LIQUIDITY_ADJUSTED_MOMENTUM,VAC,LONG,0.0116279069767441,0.0007267441860465062,,737.308568894894,,,,0.0,,accepted_final_strategy_research_integration_v1,7d885ae0fcac7679,RETROSPECTIVE_PAPER_BACKFILL
2026-06-08,LIQUIDITY_ADJUSTED_MOMENTUM,VICR,LONG,0.0116279069767441,0.0007267441860465062,,737.308568894894,,,,0.0,,accepted_final_strategy_research_integration_v1,7d885ae0fcac7679,RETROSPECTIVE_PAPER_BACKFILL
2026-06-08,LIQUIDITY_ADJUSTED_MOMENTUM,VIR,LONG,0.0116279069767441,0.0007267441860465062,,737.308568894894,,,,0.0,,accepted_final_strategy_research_integration_v1,7d885ae0fcac7679,RETROSPECTIVE_PAPER_BACKFILL
2026-06-08,LIQUIDITY_ADJUSTED_MOMENTUM,VPG,LONG,0.0116279069767441,0.0007267441860465062,,737.308568894894,,,,0.0,,accepted_final_strategy_research_integration_v1,7d885ae0fcac7679,RETROSPECTIVE_PAPER_BACKFILL
2026-06-08,LIQUIDITY_ADJUSTED_MOMENTUM,WT,LONG,0.0116279069767441,0.0007267441860465062,,737.308568894894,,,,0.0,,accepted_final_strategy_research_integration_v1,7d885ae0fcac7679,RETROSPECTIVE_PAPER_BACKFILL
2026-06-08,LIQUIDITY_ADJUSTED_MOMENTUM,ABG,SHORT,-0.0116279069767441,-0.0007267441860465062,,-737.308568894894,,,,0.0,,accepted_final_strategy_research_integration_v1,7d885ae0fcac7679,RETROSPECTIVE_PAPER_BACKFILL
2026-06-08,LIQUIDITY_ADJUSTED_MOMENTUM,ABT,SHORT,-0.0116279069767441,-0.0007267441860465062,,-737.308568894894,,,,0.0,,accepted_final_strategy_research_integration_v1,7d885ae0fcac7679,RETROSPECTIVE_PAPER_BACKFILL
2026-06-08,LIQUIDITY_ADJUSTED_MOMENTUM,ADBE,SHORT,-0.0116279069767441,-0.0007267441860465062,,-737.308568894894,,,,0.0,,accepted_final_strategy_research_integration_v1,7d885ae0fcac7679,RETROSPECTIVE_PAPER_BACKFILL
2026-06-08,LIQUIDITY_ADJUSTED_MOMENTUM,AYI,SHORT,-0.0116279069767441,-0.0007267441860465062,,-737.308568894894,,,,0.0,,accepted_final_strategy_research_integration_v1,7d885ae0fcac7679,RETROSPECTIVE_PAPER_BACKFILL
2026-06-08,LIQUIDITY_ADJUSTED_MOMENTUM,BRBR,SHORT,-0.0116279069767441,-0.0007267441860465062,,-737.308568894894,,,,0.0,,accepted_final_strategy_research_integration_v1,7d885ae0fcac7679,RETROSPECTIVE_PAPER_BACKFILL
2026-06-08,LIQUIDITY_ADJUSTED_MOMENTUM,BRO,SHORT,-0.0116279069767441,-0.0007267441860465062,,-737.308568894894,,,,0.0,,accepted_final_strategy_research_integration_v1,7d885ae0fcac7679,RETROSPECTIVE_PAPER_BACKFILL
2026-06-08,LIQUIDITY_ADJUSTED_MOMENTUM,CBZ,SHORT,-0.0116279069767441,-0.0007267441860465062,,-737.308568894894,,,,0.0,,accepted_final_strategy_research_integration_v1,7d885ae0fcac7679,RETROSPECTIVE_PAPER_BACKFILL
2026-06-08,LIQUIDITY_ADJUSTED_MOMENTUM,CPNG,SHORT,-0.0116279069767441,-0.0007267441860465062,,-737.308568894894,,,,0.0,,accepted_final_strategy_research_integration_v1,7d885ae0fcac7679,RETROSPECTIVE_PAPER_BACKFILL
2026-06-08,LIQUIDITY_ADJUSTED_MOMENTUM,CRM,SHORT,-0.0116279069767441,-0.0007267441860465062,,-737.308568894894,,,,0.0,,accepted_final_strategy_research_integration_v1,7d885ae0fcac7679,RETROSPECTIVE_PAPER_BACKFILL
2026-06-08,LIQUIDITY_ADJUSTED_MOMENTUM,DFH,SHORT,-0.0116279069767441,-0.0007267441860465062,,-737.308568894894,,,,0.0,,accepted_final_strategy_research_integration_v1,7d885ae0fcac7679,RETROSPECTIVE_PAPER_BACKFILL
2026-06-08,LIQUIDITY_ADJUSTED_MOMENTUM,DOCS,SHORT,-0.0116279069767441,-0.0007267441860465062,,-737.308568894894,,,,0.0,,accepted_final_strategy_research_integration_v1,7d885ae0fcac7679,RETROSPECTIVE_PAPER_BACKFILL
2026-06-08,LIQUIDITY_ADJUSTED_MOMENTUM,EOSE,SHORT,-0.0116279069767441,-0.0007267441860465062,,-737.308568894894,,,,0.0,,accepted_final_strategy_research_integration_v1,7d885ae0fcac7679,RETROSPECTIVE_PAPER_BACKFILL
2026-06-08,LIQUIDITY_ADJUSTED_MOMENTUM,ERNA,SHORT,-0.0116279069767441,-0.0007267441860465062,,-737.308568894894,,,,0.0,,accepted_final_strategy_research_integration_v1,7d885ae0fcac7679,RETROSPECTIVE_PAPER_BACKFILL
2026-06-08,LIQUIDITY_ADJUSTED_MOMENTUM,FIG,SHORT,-0.0116279069767441,-0.0007267441860465062,,-737.308568894894,,,,0.0,,accepted_final_strategy_research_integration_v1,7d885ae0fcac7679,RETROSPECTIVE_PAPER_BACKFILL
2026-06-08,LIQUIDITY_ADJUSTED_MOMENTUM,FIVN,SHORT,-0.0116279069767441,-0.0007267441860465062,,-737.308568894894,,,,0.0,,accepted_final_strategy_research_integration_v1,7d885ae0fcac7679,RETROSPECTIVE_PAPER_BACKFILL
2026-06-08,LIQUIDITY_ADJUSTED_MOMENTUM,FSV,SHORT,-0.0116279069767441,-0.0007267441860465062,,-737.308568894894,,,,0.0,,accepted_final_strategy_research_integration_v1,7d885ae0fcac7679,RETROSPECTIVE_PAPER_BACKFILL
2026-06-08,LIQUIDITY_ADJUSTED_MOMENTUM,GEN,SHORT,-0.0116279069767441,-0.0007267441860465062,,-737.308568894894,,,,0.0,,accepted_final_strategy_research_integration_v1,7d885ae0fcac7679,RETROSPECTIVE_PAPER_BACKFILL
2026-06-08,LIQUIDITY_ADJUSTED_MOMENTUM,HLI,SHORT,-0.0116279069767441,-0.0007267441860465062,,-737.308568894894,,,,0.0,,accepted_final_strategy_research_integration_v1,7d885ae0fcac7679,RETROSPECTIVE_PAPER_BACKFILL
2026-06-08,LIQUIDITY_ADJUSTED_MOMENTUM,HMN,SHORT,-0.0116279069767441,-0.0007267441860465062,,-737.308568894894,,,,0.0,,accepted_final_strategy_research_integration_v1,7d885ae0fcac7679,RETROSPECTIVE_PAPER_BACKFILL
2026-06-08,LIQUIDITY_ADJUSTED_MOMENTUM,HRB,SHORT,-0.0116279069767441,-0.0007267441860465062,,-737.308568894894,,,,0.0,,accepted_final_strategy_research_integration_v1,7d885ae0fcac7679,RETROSPECTIVE_PAPER_BACKFILL
2026-06-08,LIQUIDITY_ADJUSTED_MOMENTUM,IBM,SHORT,-0.0116279069767441,-0.0007267441860465062,,-737.308568894894,,,,0.0,,accepted_final_strategy_research_integration_v1,7d885ae0fcac7679,RETROSPECTIVE_PAPER_BACKFILL
2026-06-08,LIQUIDITY_ADJUSTED_MOMENTUM,ISRG,SHORT,-0.0116279069767441,-0.0007267441860465062,,-737.308568894894,,,,0.0,,accepted_final_strategy_research_integration_v1,7d885ae0fcac7679,RETROSPECTIVE_PAPER_BACKFILL
2026-06-08,LIQUIDITY_ADJUSTED_MOMENTUM,KREF,SHORT,-0.0116279069767441,-0.0007267441860465062,,-737.308568894894,,,,0.0,,accepted_final_strategy_research_integration_v1,7d885ae0fcac7679,RETROSPECTIVE_PAPER_BACKFILL
2026-06-08,LIQUIDITY_ADJUSTED_MOMENTUM,MDT,SHORT,-0.0116279069767441,-0.0007267441860465062,,-737.308568894894,,,,0.0,,accepted_final_strategy_research_integration_v1,7d885ae0fcac7679,RETROSPECTIVE_PAPER_BACKFILL
2026-06-08,LIQUIDITY_ADJUSTED_MOMENTUM,MLYS,SHORT,-0.0116279069767441,-0.0007267441860465062,,-737.308568894894,,,,0.0,,accepted_final_strategy_research_integration_v1,7d885ae0fcac7679,RETROSPECTIVE_PAPER_BACKFILL
2026-06-08,LIQUIDITY_ADJUSTED_MOMENTUM,MMM,SHORT,-0.0116279069767441,-0.0007267441860465062,,-737.308568894894,,,,0.0,,accepted_final_strategy_research_integration_v1,7d885ae0fcac7679,RETROSPECTIVE_PAPER_BACKFILL
2026-06-08,LIQUIDITY_ADJUSTED_MOMENTUM,MSFT,SHORT,-0.0116279069767441,-0.0007267441860465062,,-737.308568894894,,,,0.0,,accepted_final_strategy_research_integration_v1,7d885ae0fcac7679,RETROSPECTIVE_PAPER_BACKFILL
2026-06-08,LIQUIDITY_ADJUSTED_MOMENTUM,NCNO,SHORT,-0.0116279069767441,-0.0007267441860465062,,-737.308568894894,,,,0.0,,accepted_final_strategy_research_integration_v1,7d885ae0fcac7679,RETROSPECTIVE_PAPER_BACKFILL
2026-06-08,LIQUIDITY_ADJUSTED_MOMENTUM,NFLX,SHORT,-0.0116279069767441,-0.0007267441860465062,,-737.308568894894,,,,0.0,,accepted_final_strategy_research_integration_v1,7d885ae0fcac7679,RETROSPECTIVE_PAPER_BACKFILL
2026-06-08,LIQUIDITY_ADJUSTED_MOMENTUM,NKE,SHORT,-0.0116279069767441,-0.0007267441860465062,,-737.308568894894,,,,0.0,,accepted_final_strategy_research_integration_v1,7d885ae0fcac7679,RETROSPECTIVE_PAPER_BACKFILL
2026-06-08,LIQUIDITY_ADJUSTED_MOMENTUM,NTSK,SHORT,-0.0116279069767441,-0.0007267441860465062,,-737.308568894894,,,,0.0,,accepted_final_strategy_research_integration_v1,7d885ae0fcac7679,RETROSPECTIVE_PAPER_BACKFILL
2026-06-08,LIQUIDITY_ADJUSTED_MOMENTUM,ORCL,SHORT,-0.0116279069767441,-0.0007267441860465062,,-737.308568894894,,,,0.0,,accepted_final_strategy_research_integration_v1,7d885ae0fcac7679,RETROSPECTIVE_PAPER_BACKFILL
2026-06-08,LIQUIDITY_ADJUSTED_MOMENTUM,PAX,SHORT,-0.0116279069767441,-0.0007267441860465062,,-737.308568894894,,,,0.0,,accepted_final_strategy_research_integration_v1,7d885ae0fcac7679,RETROSPECTIVE_PAPER_BACKFILL
2026-06-08,LIQUIDITY_ADJUSTED_MOMENTUM,PAYC,SHORT,-0.0116279069767441,-0.0007267441860465062,,-737.308568894894,,,,0.0,,accepted_final_strategy_research_integration_v1,7d885ae0fcac7679,RETROSPECTIVE_PAPER_BACKFILL
2026-06-08,LIQUIDITY_ADJUSTED_MOMENTUM,PHAT,SHORT,-0.0116279069767441,-0.0007267441860465062,,-737.308568894894,,,,0.0,,accepted_final_strategy_research_integration_v1,7d885ae0fcac7679,RETROSPECTIVE_PAPER_BACKFILL
2026-06-08,LIQUIDITY_ADJUSTED_MOMENTUM,QCOM,SHORT,-0.0116279069767441,-0.0007267441860465062,,-737.308568894894,,,,0.0,,accepted_final_strategy_research_integration_v1,7d885ae0fcac7679,RETROSPECTIVE_PAPER_BACKFILL
2026-06-08,LIQUIDITY_ADJUSTED_MOMENTUM,QS,SHORT,-0.0116279069767441,-0.0007267441860465062,,-737.308568894894,,,,0.0,,accepted_final_strategy_research_integration_v1,7d885ae0fcac7679,RETROSPECTIVE_PAPER_BACKFILL
2026-06-08,LIQUIDITY_ADJUSTED_MOMENTUM,QUBT,SHORT,-0.0116279069767441,-0.0007267441860465062,,-737.308568894894,,,,0.0,,accepted_final_strategy_research_integration_v1,7d885ae0fcac7679,RETROSPECTIVE_PAPER_BACKFILL
2026-06-08,LIQUIDITY_ADJUSTED_MOMENTUM,SHLS,SHORT,-0.0116279069767441,-0.0007267441860465062,,-737.308568894894,,,,0.0,,accepted_final_strategy_research_integration_v1,7d885ae0fcac7679,RETROSPECTIVE_PAPER_BACKFILL
2026-06-08,LIQUIDITY_ADJUSTED_MOMENTUM,TDOC,SHORT,-0.0116279069767441,-0.0007267441860465062,,-737.308568894894,,,,0.0,,accepted_final_strategy_research_integration_v1,7d885ae0fcac7679,RETROSPECTIVE_PAPER_BACKFILL
2026-06-08,LIQUIDITY_ADJUSTED_MOMENTUM,TOST,SHORT,-0.0116279069767441,-0.0007267441860465062,,-737.308568894894,,,,0.0,,accepted_final_strategy_research_integration_v1,7d885ae0fcac7679,RETROSPECTIVE_PAPER_BACKFILL
2026-06-08,LIQUIDITY_ADJUSTED_MOMENTUM,UPST,SHORT,-0.0116279069767441,-0.0007267441860465062,,-737.308568894894,,,,0.0,,accepted_final_strategy_research_integration_v1,7d885ae0fcac7679,RETROSPECTIVE_PAPER_BACKFILL
2026-06-08,LIQUIDITY_ADJUSTED_MOMENTUM,WK,SHORT,-0.0116279069767441,-0.0007267441860465062,,-737.308568894894,,,,0.0,,accepted_final_strategy_research_integration_v1,7d885ae0fcac7679,RETROSPECTIVE_PAPER_BACKFILL
2026-06-08,POST_FILING_CASH_FLOW_SURPRISE,APPS,LONG,0.1,0.00625,,6356.724952862293,,,,0.0,,accepted_final_strategy_research_integration_v1,7d885ae0fcac7679,RETROSPECTIVE_PAPER_BACKFILL
2026-06-08,POST_FILING_CASH_FLOW_SURPRISE,COST,LONG,0.1,0.00625,,6356.724952862293,,,,0.0,,accepted_final_strategy_research_integration_v1,7d885ae0fcac7679,RETROSPECTIVE_PAPER_BACKFILL
2026-06-08,POST_FILING_CASH_FLOW_SURPRISE,LGN,LONG,0.1,0.00625,,6356.724952862293,,,,0.0,,accepted_final_strategy_research_integration_v1,7d885ae0fcac7679,RETROSPECTIVE_PAPER_BACKFILL
2026-06-08,POST_FILING_CASH_FLOW_SURPRISE,NCNO,LONG,0.1,0.00625,,6356.724952862293,,,,0.0,,accepted_final_strategy_research_integration_v1,7d885ae0fcac7679,RETROSPECTIVE_PAPER_BACKFILL
2026-06-08,POST_FILING_CASH_FLOW_SURPRISE,TYRA,LONG,0.1,0.00625,,6356.724952862293,,,,0.0,,accepted_final_strategy_research_integration_v1,7d885ae0fcac7679,RETROSPECTIVE_PAPER_BACKFILL
2026-06-08,POST_FILING_CASH_FLOW_SURPRISE,CADL,SHORT,-0.1,-0.00625,,-6356.724952862293,,,,0.0,,accepted_final_strategy_research_integration_v1,7d885ae0fcac7679,RETROSPECTIVE_PAPER_BACKFILL
2026-06-08,POST_FILING_CASH_FLOW_SURPRISE,EOSE,SHORT,-0.1,-0.00625,,-6356.724952862293,,,,0.0,,accepted_final_strategy_research_integration_v1,7d885ae0fcac7679,RETROSPECTIVE_PAPER_BACKFILL
2026-06-08,POST_FILING_CASH_FLOW_SURPRISE,EXP,SHORT,-0.1,-0.00625,,-6356.724952862293,,,,0.0,,accepted_final_strategy_research_integration_v1,7d885ae0fcac7679,RETROSPECTIVE_PAPER_BACKFILL
2026-06-08,POST_FILING_CASH_FLOW_SURPRISE,GEN,SHORT,-0.1,-0.00625,,-6356.724952862293,,,,0.0,,accepted_final_strategy_research_integration_v1,7d885ae0fcac7679,RETROSPECTIVE_PAPER_BACKFILL
2026-06-08,POST_FILING_CASH_FLOW_SURPRISE,LUNR,SHORT,-0.1,-0.00625,,-6356.724952862293,,,,0.0,,accepted_final_strategy_research_integration_v1,7d885ae0fcac7679,RETROSPECTIVE_PAPER_BACKFILL
