ticker,provider_symbol,normalization_status,renamed_symbol,entry_eligible,operational_pricing_required,pricing_status,security_status,latest_price_date,exclusion_reason,affects
AAPL,AAPL,unchanged,,True,True,PRICED,ACTIVE_CURRENT_PRICE_AVAILABLE,2026-06-12,,SIGNAL_AND_PRICING
ABBV,ABBV,unchanged,,True,True,PRICED,ACTIVE_CURRENT_PRICE_AVAILABLE,2026-06-12,,SIGNAL_AND_PRICING
ABG,ABG,unchanged,,True,True,PRICED,ACTIVE_CURRENT_PRICE_AVAILABLE,2026-06-12,,SIGNAL_AND_PRICING
ABT,ABT,unchanged,,True,True,PRICED,ACTIVE_CURRENT_PRICE_AVAILABLE,2026-06-12,,SIGNAL_AND_PRICING
ADBE,ADBE,unchanged,,True,True,PRICED,ACTIVE_CURRENT_PRICE_AVAILABLE,2026-06-12,,SIGNAL_AND_PRICING
ADEA,ADEA,unchanged,,False,True,PRICED,ACTIVE_CURRENT_PRICE_AVAILABLE,2026-06-12,SEED_OR_CURRENT_HOLDING_OUTSIDE_ENTRY_ELIGIBILITY,PRICING_AND_EXIT
ADSK,ADSK,unchanged,,False,True,PRICED,ACTIVE_CURRENT_PRICE_AVAILABLE,2026-06-12,SEED_OR_CURRENT_HOLDING_OUTSIDE_ENTRY_ELIGIBILITY,PRICING_AND_EXIT
ADT,ADT,unchanged,,False,True,PRICED,ACTIVE_CURRENT_PRICE_AVAILABLE,2026-06-12,SEED_OR_CURRENT_HOLDING_OUTSIDE_ENTRY_ELIGIBILITY,PRICING_AND_EXIT
AEIS,AEIS,unchanged,,True,True,PRICED,ACTIVE_CURRENT_PRICE_AVAILABLE,2026-06-12,,SIGNAL_AND_PRICING
AEP,AEP,unchanged,,True,True,PRICED,ACTIVE_CURRENT_PRICE_AVAILABLE,2026-06-12,,SIGNAL_AND_PRICING
AFL,AFL,unchanged,,True,True,PRICED,ACTIVE_CURRENT_PRICE_AVAILABLE,2026-06-12,,SIGNAL_AND_PRICING
AHRT,AHRT,unchanged,,True,True,PRICED,ACTIVE_CURRENT_PRICE_AVAILABLE,2026-06-12,,SIGNAL_AND_PRICING
ALNT,ALNT,unchanged,,True,True,PRICED,ACTIVE_CURRENT_PRICE_AVAILABLE,2026-06-12,,SIGNAL_AND_PRICING
ALRM,ALRM,unchanged,,False,True,PRICED,ACTIVE_CURRENT_PRICE_AVAILABLE,2026-06-12,SEED_OR_CURRENT_HOLDING_OUTSIDE_ENTRY_ELIGIBILITY,PRICING_AND_EXIT
ALV,ALV,unchanged,,True,True,PRICED,ACTIVE_CURRENT_PRICE_AVAILABLE,2026-06-12,,SIGNAL_AND_PRICING
AMAT,AMAT,unchanged,,True,True,PRICED,ACTIVE_CURRENT_PRICE_AVAILABLE,2026-06-12,,SIGNAL_AND_PRICING
AMD,AMD,unchanged,,True,True,PRICED,ACTIVE_CURRENT_PRICE_AVAILABLE,2026-06-12,,SIGNAL_AND_PRICING
AMH,AMH,unchanged,,False,True,PRICED,ACTIVE_CURRENT_PRICE_AVAILABLE,2026-06-12,SEED_OR_CURRENT_HOLDING_OUTSIDE_ENTRY_ELIGIBILITY,PRICING_AND_EXIT
AMPG,AMPG,unchanged,,True,True,PRICED,ACTIVE_CURRENT_PRICE_AVAILABLE,2026-06-12,,SIGNAL_AND_PRICING
AMZN,AMZN,unchanged,,True,True,PRICED,ACTIVE_CURRENT_PRICE_AVAILABLE,2026-06-12,,SIGNAL_AND_PRICING
AOSL,AOSL,unchanged,,False,True,PRICED,ACTIVE_CURRENT_PRICE_AVAILABLE,2026-06-12,SEED_OR_CURRENT_HOLDING_OUTSIDE_ENTRY_ELIGIBILITY,PRICING_AND_EXIT
APA,APA,unchanged,,True,True,PRICED,ACTIVE_CURRENT_PRICE_AVAILABLE,2026-06-12,,SIGNAL_AND_PRICING
APAM,APAM,unchanged,,False,True,PRICED,ACTIVE_CURRENT_PRICE_AVAILABLE,2026-06-12,SEED_OR_CURRENT_HOLDING_OUTSIDE_ENTRY_ELIGIBILITY,PRICING_AND_EXIT
APP,APP,unchanged,,False,True,PRICED,ACTIVE_CURRENT_PRICE_AVAILABLE,2026-06-12,SEED_OR_CURRENT_HOLDING_OUTSIDE_ENTRY_ELIGIBILITY,PRICING_AND_EXIT
APPS,APPS,unchanged,,True,True,PRICED,ACTIVE_CURRENT_PRICE_AVAILABLE,2026-06-12,,SIGNAL_AND_PRICING
ARCB,ARCB,unchanged,,True,True,PRICED,ACTIVE_CURRENT_PRICE_AVAILABLE,2026-06-12,,SIGNAL_AND_PRICING
ARTV,ARTV,unchanged,,True,True,PRICED,ACTIVE_CURRENT_PRICE_AVAILABLE,2026-06-12,,SIGNAL_AND_PRICING
ARW,ARW,unchanged,,False,True,PRICED,ACTIVE_CURRENT_PRICE_AVAILABLE,2026-06-12,SEED_OR_CURRENT_HOLDING_OUTSIDE_ENTRY_ELIGIBILITY,PRICING_AND_EXIT
ASM,ASM,unchanged,,False,True,PRICED,ACTIVE_CURRENT_PRICE_AVAILABLE,2026-06-12,SEED_OR_CURRENT_HOLDING_OUTSIDE_ENTRY_ELIGIBILITY,PRICING_AND_EXIT
ASTS,ASTS,unchanged,,False,True,PRICED,ACTIVE_CURRENT_PRICE_AVAILABLE,2026-06-12,SEED_OR_CURRENT_HOLDING_OUTSIDE_ENTRY_ELIGIBILITY,PRICING_AND_EXIT
AUGO,AUGO,unchanged,,True,True,PRICED,ACTIVE_CURRENT_PRICE_AVAILABLE,2026-06-12,,SIGNAL_AND_PRICING
AXP,AXP,unchanged,,True,True,PRICED,ACTIVE_CURRENT_PRICE_AVAILABLE,2026-06-12,,SIGNAL_AND_PRICING
AYI,AYI,unchanged,,True,True,PRICED,ACTIVE_CURRENT_PRICE_AVAILABLE,2026-06-12,,SIGNAL_AND_PRICING
BAC,BAC,unchanged,,True,True,PRICED,ACTIVE_CURRENT_PRICE_AVAILABLE,2026-06-12,,SIGNAL_AND_PRICING
BANR,BANR,unchanged,,True,True,PRICED,ACTIVE_CURRENT_PRICE_AVAILABLE,2026-06-12,,SIGNAL_AND_PRICING
BBSI,BBSI,unchanged,,False,True,PRICED,ACTIVE_CURRENT_PRICE_AVAILABLE,2026-06-12,SEED_OR_CURRENT_HOLDING_OUTSIDE_ENTRY_ELIGIBILITY,PRICING_AND_EXIT
BBY,BBY,unchanged,,False,True,PRICED,ACTIVE_CURRENT_PRICE_AVAILABLE,2026-06-12,SEED_OR_CURRENT_HOLDING_OUTSIDE_ENTRY_ELIGIBILITY,PRICING_AND_EXIT
BDC,BDC,unchanged,,True,True,PRICED,ACTIVE_CURRENT_PRICE_AVAILABLE,2026-06-12,,SIGNAL_AND_PRICING
BE,BE,unchanged,,False,True,PRICED,ACTIVE_CURRENT_PRICE_AVAILABLE,2026-06-12,SEED_OR_CURRENT_HOLDING_OUTSIDE_ENTRY_ELIGIBILITY,PRICING_AND_EXIT
BELFB,BELFB,unchanged,,True,True,PRICED,ACTIVE_CURRENT_PRICE_AVAILABLE,2026-06-12,,SIGNAL_AND_PRICING
BIOA,BIOA,unchanged,,True,True,PRICED,ACTIVE_CURRENT_PRICE_AVAILABLE,2026-06-12,,SIGNAL_AND_PRICING
BKNG,BKNG,unchanged,,True,True,PRICED,ACTIVE_CURRENT_PRICE_AVAILABLE,2026-06-12,,SIGNAL_AND_PRICING
BLK,BLK,unchanged,,True,True,PRICED,ACTIVE_CURRENT_PRICE_AVAILABLE,2026-06-12,,SIGNAL_AND_PRICING
BLSH,BLSH,unchanged,,True,True,PRICED,ACTIVE_CURRENT_PRICE_AVAILABLE,2026-06-12,,SIGNAL_AND_PRICING
BMO,BMO,unchanged,,True,True,PRICED,ACTIVE_CURRENT_PRICE_AVAILABLE,2026-06-12,,SIGNAL_AND_PRICING
BNY,BNY,unchanged,,True,True,PRICED,ACTIVE_CURRENT_PRICE_AVAILABLE,2026-06-12,,SIGNAL_AND_PRICING
BOW,BOW,unchanged,,True,True,PRICED,ACTIVE_CURRENT_PRICE_AVAILABLE,2026-06-12,,SIGNAL_AND_PRICING
BRBR,BRBR,unchanged,,True,True,PRICED,ACTIVE_CURRENT_PRICE_AVAILABLE,2026-06-12,,SIGNAL_AND_PRICING
BRK.A,BRK-A,dot_to_dash,,False,True,PRICED,ACTIVE_CURRENT_PRICE_AVAILABLE,2026-06-12,SEED_OR_CURRENT_HOLDING_OUTSIDE_ENTRY_ELIGIBILITY,PRICING_AND_EXIT
BRK.B,BRK-B,dot_to_dash,,True,True,PRICED,ACTIVE_CURRENT_PRICE_AVAILABLE,2026-06-12,,SIGNAL_AND_PRICING
BRO,BRO,unchanged,,True,True,PRICED,ACTIVE_CURRENT_PRICE_AVAILABLE,2026-06-12,,SIGNAL_AND_PRICING
BROS,BROS,unchanged,,False,True,PRICED,ACTIVE_CURRENT_PRICE_AVAILABLE,2026-06-12,SEED_OR_CURRENT_HOLDING_OUTSIDE_ENTRY_ELIGIBILITY,PRICING_AND_EXIT
BUSE,BUSE,unchanged,,True,True,PRICED,ACTIVE_CURRENT_PRICE_AVAILABLE,2026-06-12,,SIGNAL_AND_PRICING
BV,BV,unchanged,,True,True,PRICED,ACTIVE_CURRENT_PRICE_AVAILABLE,2026-06-12,,SIGNAL_AND_PRICING
CABO,CABO,unchanged,,True,True,PRICED,ACTIVE_CURRENT_PRICE_AVAILABLE,2026-06-12,,SIGNAL_AND_PRICING
CADL,CADL,unchanged,,True,True,PRICED,ACTIVE_CURRENT_PRICE_AVAILABLE,2026-06-12,,SIGNAL_AND_PRICING
CAPR,CAPR,unchanged,,False,True,PRICED,ACTIVE_CURRENT_PRICE_AVAILABLE,2026-06-12,SEED_OR_CURRENT_HOLDING_OUTSIDE_ENTRY_ELIGIBILITY,PRICING_AND_EXIT
CAT,CAT,unchanged,,True,True,PRICED,ACTIVE_CURRENT_PRICE_AVAILABLE,2026-06-12,,SIGNAL_AND_PRICING
CBZ,CBZ,unchanged,,True,True,PRICED,ACTIVE_CURRENT_PRICE_AVAILABLE,2026-06-12,,SIGNAL_AND_PRICING
CCB,CCB,unchanged,,False,True,PRICED,ACTIVE_CURRENT_PRICE_AVAILABLE,2026-06-12,SEED_OR_CURRENT_HOLDING_OUTSIDE_ENTRY_ELIGIBILITY,PRICING_AND_EXIT
CCOI,CCOI,unchanged,,False,True,PRICED,ACTIVE_CURRENT_PRICE_AVAILABLE,2026-06-12,SEED_OR_CURRENT_HOLDING_OUTSIDE_ENTRY_ELIGIBILITY,PRICING_AND_EXIT
CDE,CDE,unchanged,,True,True,PRICED,ACTIVE_CURRENT_PRICE_AVAILABLE,2026-06-12,,SIGNAL_AND_PRICING
CHH,CHH,unchanged,,True,True,PRICED,ACTIVE_CURRENT_PRICE_AVAILABLE,2026-06-12,,SIGNAL_AND_PRICING
CHRW,CHRW,unchanged,,True,True,PRICED,ACTIVE_CURRENT_PRICE_AVAILABLE,2026-06-12,,SIGNAL_AND_PRICING
CLYM,CLYM,unchanged,,False,True,PRICED,ACTIVE_CURRENT_PRICE_AVAILABLE,2026-06-12,SEED_OR_CURRENT_HOLDING_OUTSIDE_ENTRY_ELIGIBILITY,PRICING_AND_EXIT
CMCL,CMCL,unchanged,,True,True,PRICED,ACTIVE_CURRENT_PRICE_AVAILABLE,2026-06-12,,SIGNAL_AND_PRICING
CMCSA,CMCSA,unchanged,,True,True,PRICED,ACTIVE_CURRENT_PRICE_AVAILABLE,2026-06-12,,SIGNAL_AND_PRICING
CMP,CMP,unchanged,,True,True,PRICED,ACTIVE_CURRENT_PRICE_AVAILABLE,2026-06-12,,SIGNAL_AND_PRICING
CNC,CNC,unchanged,,True,True,PRICED,ACTIVE_CURRENT_PRICE_AVAILABLE,2026-06-12,,SIGNAL_AND_PRICING
COP,COP,unchanged,,True,True,PRICED,ACTIVE_CURRENT_PRICE_AVAILABLE,2026-06-12,,SIGNAL_AND_PRICING
COST,COST,unchanged,,True,True,PRICED,ACTIVE_CURRENT_PRICE_AVAILABLE,2026-06-12,,SIGNAL_AND_PRICING
CPNG,CPNG,unchanged,,True,True,PRICED,ACTIVE_CURRENT_PRICE_AVAILABLE,2026-06-12,,SIGNAL_AND_PRICING
CRM,CRM,unchanged,,True,True,PRICED,ACTIVE_CURRENT_PRICE_AVAILABLE,2026-06-12,,SIGNAL_AND_PRICING
CRVS,CRVS,unchanged,,True,True,PRICED,ACTIVE_CURRENT_PRICE_AVAILABLE,2026-06-12,,SIGNAL_AND_PRICING
CSCO,CSCO,unchanged,,True,True,PRICED,ACTIVE_CURRENT_PRICE_AVAILABLE,2026-06-12,,SIGNAL_AND_PRICING
CUBE,CUBE,unchanged,,True,True,PRICED,ACTIVE_CURRENT_PRICE_AVAILABLE,2026-06-12,,SIGNAL_AND_PRICING
CVLG,CVLG,unchanged,,False,True,PRICED,ACTIVE_CURRENT_PRICE_AVAILABLE,2026-06-12,SEED_OR_CURRENT_HOLDING_OUTSIDE_ENTRY_ELIGIBILITY,PRICING_AND_EXIT
CVSA,CVSA,unchanged,,False,True,PRICED,ACTIVE_CURRENT_PRICE_AVAILABLE,2026-06-12,SEED_OR_CURRENT_HOLDING_OUTSIDE_ENTRY_ELIGIBILITY,PRICING_AND_EXIT
CVX,CVX,unchanged,,True,True,PRICED,ACTIVE_CURRENT_PRICE_AVAILABLE,2026-06-12,,SIGNAL_AND_PRICING
CW,CW,unchanged,,True,True,PRICED,ACTIVE_CURRENT_PRICE_AVAILABLE,2026-06-12,,SIGNAL_AND_PRICING
CWBC,CWBC,unchanged,,True,True,PRICED,ACTIVE_CURRENT_PRICE_AVAILABLE,2026-06-12,,SIGNAL_AND_PRICING
DAN,DAN,unchanged,,True,True,PRICED,ACTIVE_CURRENT_PRICE_AVAILABLE,2026-06-12,,SIGNAL_AND_PRICING
DASH,DASH,unchanged,,False,True,PRICED,ACTIVE_CURRENT_PRICE_AVAILABLE,2026-06-12,SEED_OR_CURRENT_HOLDING_OUTSIDE_ENTRY_ELIGIBILITY,PRICING_AND_EXIT
DB,DB,unchanged,,False,True,PRICED,ACTIVE_CURRENT_PRICE_AVAILABLE,2026-06-12,SEED_OR_CURRENT_HOLDING_OUTSIDE_ENTRY_ELIGIBILITY,PRICING_AND_EXIT
DE,DE,unchanged,,True,True,PRICED,ACTIVE_CURRENT_PRICE_AVAILABLE,2026-06-12,,SIGNAL_AND_PRICING
DECK,DECK,unchanged,,False,True,PRICED,ACTIVE_CURRENT_PRICE_AVAILABLE,2026-06-12,SEED_OR_CURRENT_HOLDING_OUTSIDE_ENTRY_ELIGIBILITY,PRICING_AND_EXIT
DFH,DFH,unchanged,,True,True,PRICED,ACTIVE_CURRENT_PRICE_AVAILABLE,2026-06-12,,SIGNAL_AND_PRICING
DIS,DIS,unchanged,,True,True,PRICED,ACTIVE_CURRENT_PRICE_AVAILABLE,2026-06-12,,SIGNAL_AND_PRICING
DMRA,DMRA,unchanged,,True,True,PRICED,ACTIVE_CURRENT_PRICE_AVAILABLE,2026-06-12,,SIGNAL_AND_PRICING
DOCS,DOCS,unchanged,,True,True,PRICED,ACTIVE_CURRENT_PRICE_AVAILABLE,2026-06-12,,SIGNAL_AND_PRICING
DRI,DRI,unchanged,,True,True,PRICED,ACTIVE_CURRENT_PRICE_AVAILABLE,2026-06-12,,SIGNAL_AND_PRICING
DV,DV,unchanged,,False,True,PRICED,ACTIVE_CURRENT_PRICE_AVAILABLE,2026-06-12,SEED_OR_CURRENT_HOLDING_OUTSIDE_ENTRY_ELIGIBILITY,PRICING_AND_EXIT
DXPE,DXPE,unchanged,,True,True,PRICED,ACTIVE_CURRENT_PRICE_AVAILABLE,2026-06-12,,SIGNAL_AND_PRICING
ECVT,ECVT,unchanged,,True,True,PRICED,ACTIVE_CURRENT_PRICE_AVAILABLE,2026-06-12,,SIGNAL_AND_PRICING
EFOR,EFOR,unchanged,,True,True,PRICED,ACTIVE_CURRENT_PRICE_AVAILABLE,2026-06-12,,SIGNAL_AND_PRICING
ENS,ENS,unchanged,,True,True,PRICED,ACTIVE_CURRENT_PRICE_AVAILABLE,2026-06-12,,SIGNAL_AND_PRICING
EOSE,EOSE,unchanged,,True,True,PRICED,ACTIVE_CURRENT_PRICE_AVAILABLE,2026-06-12,,SIGNAL_AND_PRICING
EPD,EPD,unchanged,,True,True,PRICED,ACTIVE_CURRENT_PRICE_AVAILABLE,2026-06-12,,SIGNAL_AND_PRICING
EQH,EQH,unchanged,,False,True,PRICED,ACTIVE_CURRENT_PRICE_AVAILABLE,2026-06-12,SEED_OR_CURRENT_HOLDING_OUTSIDE_ENTRY_ELIGIBILITY,PRICING_AND_EXIT
ERNA,ERNA,unchanged,,True,True,PRICED,ACTIVE_CURRENT_PRICE_AVAILABLE,2026-06-12,,SIGNAL_AND_PRICING
ESAB,ESAB,unchanged,,False,True,PRICED,ACTIVE_CURRENT_PRICE_AVAILABLE,2026-06-12,SEED_OR_CURRENT_HOLDING_OUTSIDE_ENTRY_ELIGIBILITY,PRICING_AND_EXIT
EVLV,EVLV,unchanged,,True,True,PRICED,ACTIVE_CURRENT_PRICE_AVAILABLE,2026-06-12,,SIGNAL_AND_PRICING
EXP,EXP,unchanged,,True,True,PRICED,ACTIVE_CURRENT_PRICE_AVAILABLE,2026-06-12,,SIGNAL_AND_PRICING
EXPD,EXPD,unchanged,,True,True,PRICED,ACTIVE_CURRENT_PRICE_AVAILABLE,2026-06-12,,SIGNAL_AND_PRICING
EXPO,EXPO,unchanged,,True,True,PRICED,ACTIVE_CURRENT_PRICE_AVAILABLE,2026-06-12,,SIGNAL_AND_PRICING
F,F,unchanged,,True,True,PRICED,ACTIVE_CURRENT_PRICE_AVAILABLE,2026-06-12,,SIGNAL_AND_PRICING
FABC,FABC,unchanged,,True,True,PRICED,ACTIVE_CURRENT_PRICE_AVAILABLE,2026-06-12,,SIGNAL_AND_PRICING
FCEL,FCEL,unchanged,,True,True,PRICED,ACTIVE_CURRENT_PRICE_AVAILABLE,2026-06-12,,SIGNAL_AND_PRICING
FIG,FIG,unchanged,,True,True,PRICED,ACTIVE_CURRENT_PRICE_AVAILABLE,2026-06-12,,SIGNAL_AND_PRICING
FIVN,FIVN,unchanged,,True,True,PRICED,ACTIVE_CURRENT_PRICE_AVAILABLE,2026-06-12,,SIGNAL_AND_PRICING
FLEX,FLEX,unchanged,,True,True,PRICED,ACTIVE_CURRENT_PRICE_AVAILABLE,2026-06-12,,SIGNAL_AND_PRICING
FLOC,FLOC,unchanged,,True,True,PRICED,ACTIVE_CURRENT_PRICE_AVAILABLE,2026-06-12,,SIGNAL_AND_PRICING
FMC,FMC,unchanged,,True,True,PRICED,ACTIVE_CURRENT_PRICE_AVAILABLE,2026-06-12,,SIGNAL_AND_PRICING
FSV,FSV,unchanged,,True,True,PRICED,ACTIVE_CURRENT_PRICE_AVAILABLE,2026-06-12,,SIGNAL_AND_PRICING
FTRE,FTRE,unchanged,,True,True,PRICED,ACTIVE_CURRENT_PRICE_AVAILABLE,2026-06-12,,SIGNAL_AND_PRICING
FTV,FTV,unchanged,,True,True,PRICED,ACTIVE_CURRENT_PRICE_AVAILABLE,2026-06-12,,SIGNAL_AND_PRICING
FUL,FUL,unchanged,,True,True,PRICED,ACTIVE_CURRENT_PRICE_AVAILABLE,2026-06-12,,SIGNAL_AND_PRICING
GAB,GAB,unchanged,,False,True,PRICED,ACTIVE_CURRENT_PRICE_AVAILABLE,2026-06-12,SEED_OR_CURRENT_HOLDING_OUTSIDE_ENTRY_ELIGIBILITY,PRICING_AND_EXIT
GDOT,GDOT,unchanged,,True,True,PRICED,ACTIVE_CURRENT_PRICE_AVAILABLE,2026-06-12,,SIGNAL_AND_PRICING
GE,GE,unchanged,,True,True,PRICED,ACTIVE_CURRENT_PRICE_AVAILABLE,2026-06-12,,SIGNAL_AND_PRICING
GEN,GEN,unchanged,,True,True,PRICED,ACTIVE_CURRENT_PRICE_AVAILABLE,2026-06-12,,SIGNAL_AND_PRICING
GFS,GFS,unchanged,,False,True,PRICED,ACTIVE_CURRENT_PRICE_AVAILABLE,2026-06-12,SEED_OR_CURRENT_HOLDING_OUTSIDE_ENTRY_ELIGIBILITY,PRICING_AND_EXIT
GILD,GILD,unchanged,,True,True,PRICED,ACTIVE_CURRENT_PRICE_AVAILABLE,2026-06-12,,SIGNAL_AND_PRICING
GLBE,GLBE,unchanged,,False,True,PRICED,ACTIVE_CURRENT_PRICE_AVAILABLE,2026-06-12,SEED_OR_CURRENT_HOLDING_OUTSIDE_ENTRY_ELIGIBILITY,PRICING_AND_EXIT
GM,GM,unchanged,,True,True,PRICED,ACTIVE_CURRENT_PRICE_AVAILABLE,2026-06-12,,SIGNAL_AND_PRICING
GNW,GNW,unchanged,,True,True,PRICED,ACTIVE_CURRENT_PRICE_AVAILABLE,2026-06-12,,SIGNAL_AND_PRICING
GOOGL,GOOGL,unchanged,,True,True,PRICED,ACTIVE_CURRENT_PRICE_AVAILABLE,2026-06-12,,SIGNAL_AND_PRICING
GS,GS,unchanged,,True,True,PRICED,ACTIVE_CURRENT_PRICE_AVAILABLE,2026-06-12,,SIGNAL_AND_PRICING
GSBC,GSBC,unchanged,,True,True,PRICED,ACTIVE_CURRENT_PRICE_AVAILABLE,2026-06-12,,SIGNAL_AND_PRICING
HALO,HALO,unchanged,,True,True,PRICED,ACTIVE_CURRENT_PRICE_AVAILABLE,2026-06-12,,SIGNAL_AND_PRICING
HAS,HAS,unchanged,,True,True,PRICED,ACTIVE_CURRENT_PRICE_AVAILABLE,2026-06-12,,SIGNAL_AND_PRICING
HAYW,HAYW,unchanged,,False,True,PRICED,ACTIVE_CURRENT_PRICE_AVAILABLE,2026-06-12,SEED_OR_CURRENT_HOLDING_OUTSIDE_ENTRY_ELIGIBILITY,PRICING_AND_EXIT
HD,HD,unchanged,,True,True,PRICED,ACTIVE_CURRENT_PRICE_AVAILABLE,2026-06-12,,SIGNAL_AND_PRICING
HEI.A,HEI-A,dot_to_dash,,False,True,PRICED,ACTIVE_CURRENT_PRICE_AVAILABLE,2026-06-12,SEED_OR_CURRENT_HOLDING_OUTSIDE_ENTRY_ELIGIBILITY,PRICING_AND_EXIT
HL,HL,unchanged,,False,True,PRICED,ACTIVE_CURRENT_PRICE_AVAILABLE,2026-06-12,SEED_OR_CURRENT_HOLDING_OUTSIDE_ENTRY_ELIGIBILITY,PRICING_AND_EXIT
HLF,HLF,unchanged,,True,True,PRICED,ACTIVE_CURRENT_PRICE_AVAILABLE,2026-06-12,,SIGNAL_AND_PRICING
HLI,HLI,unchanged,,True,True,PRICED,ACTIVE_CURRENT_PRICE_AVAILABLE,2026-06-12,,SIGNAL_AND_PRICING
HLIO,HLIO,unchanged,,True,True,PRICED,ACTIVE_CURRENT_PRICE_AVAILABLE,2026-06-12,,SIGNAL_AND_PRICING
HMN,HMN,unchanged,,True,True,PRICED,ACTIVE_CURRENT_PRICE_AVAILABLE,2026-06-12,,SIGNAL_AND_PRICING
HON,HON,unchanged,,True,True,PRICED,ACTIVE_CURRENT_PRICE_AVAILABLE,2026-06-12,,SIGNAL_AND_PRICING
HRB,HRB,unchanged,,True,True,PRICED,ACTIVE_CURRENT_PRICE_AVAILABLE,2026-06-12,,SIGNAL_AND_PRICING
HTZ,HTZ,unchanged,,False,True,PRICED,ACTIVE_CURRENT_PRICE_AVAILABLE,2026-06-12,SEED_OR_CURRENT_HOLDING_OUTSIDE_ENTRY_ELIGIBILITY,PRICING_AND_EXIT
HYT,HYT,unchanged,,False,True,PRICED,ACTIVE_CURRENT_PRICE_AVAILABLE,2026-06-12,SEED_OR_CURRENT_HOLDING_OUTSIDE_ENTRY_ELIGIBILITY,PRICING_AND_EXIT
IBM,IBM,unchanged,,True,True,PRICED,ACTIVE_CURRENT_PRICE_AVAILABLE,2026-06-12,,SIGNAL_AND_PRICING
IMSR,IMSR,unchanged,,False,True,PRICED,ACTIVE_CURRENT_PRICE_AVAILABLE,2026-06-12,SEED_OR_CURRENT_HOLDING_OUTSIDE_ENTRY_ELIGIBILITY,PRICING_AND_EXIT
INTC,INTC,unchanged,,True,True,PRICED,ACTIVE_CURRENT_PRICE_AVAILABLE,2026-06-12,,SIGNAL_AND_PRICING
IRT,IRT,unchanged,,True,True,PRICED,ACTIVE_CURRENT_PRICE_AVAILABLE,2026-06-12,,SIGNAL_AND_PRICING
ISRG,ISRG,unchanged,,True,True,PRICED,ACTIVE_CURRENT_PRICE_AVAILABLE,2026-06-12,,SIGNAL_AND_PRICING
ITGR,ITGR,unchanged,,False,True,PRICED,ACTIVE_CURRENT_PRICE_AVAILABLE,2026-06-12,SEED_OR_CURRENT_HOLDING_OUTSIDE_ENTRY_ELIGIBILITY,PRICING_AND_EXIT
ITRI,ITRI,unchanged,,True,True,PRICED,ACTIVE_CURRENT_PRICE_AVAILABLE,2026-06-12,,SIGNAL_AND_PRICING
JBIO,JBIO,unchanged,,False,True,PRICED,ACTIVE_CURRENT_PRICE_AVAILABLE,2026-06-12,SEED_OR_CURRENT_HOLDING_OUTSIDE_ENTRY_ELIGIBILITY,PRICING_AND_EXIT
JNJ,JNJ,unchanged,,True,True,PRICED,ACTIVE_CURRENT_PRICE_AVAILABLE,2026-06-12,,SIGNAL_AND_PRICING
JPM,JPM,unchanged,,True,True,PRICED,ACTIVE_CURRENT_PRICE_AVAILABLE,2026-06-12,,SIGNAL_AND_PRICING
KALV,KALV,unchanged,,False,True,PRICED,ACTIVE_CURRENT_PRICE_AVAILABLE,2026-06-12,SEED_OR_CURRENT_HOLDING_OUTSIDE_ENTRY_ELIGIBILITY,PRICING_AND_EXIT
KKR,KKR,unchanged,,False,True,PRICED,ACTIVE_CURRENT_PRICE_AVAILABLE,2026-06-12,SEED_OR_CURRENT_HOLDING_OUTSIDE_ENTRY_ELIGIBILITY,PRICING_AND_EXIT
KO,KO,unchanged,,True,True,PRICED,ACTIVE_CURRENT_PRICE_AVAILABLE,2026-06-12,,SIGNAL_AND_PRICING
KREF,KREF,unchanged,,True,True,PRICED,ACTIVE_CURRENT_PRICE_AVAILABLE,2026-06-12,,SIGNAL_AND_PRICING
LC,LC,unchanged,,True,True,PRICED,ACTIVE_CURRENT_PRICE_AVAILABLE,2026-06-12,,SIGNAL_AND_PRICING
LEG,LEG,unchanged,,True,True,PRICED,ACTIVE_CURRENT_PRICE_AVAILABLE,2026-06-12,,SIGNAL_AND_PRICING
LFVN,LFVN,unchanged,,True,True,PRICED,ACTIVE_CURRENT_PRICE_AVAILABLE,2026-06-12,,SIGNAL_AND_PRICING
LGN,LGN,unchanged,,True,True,PRICED,ACTIVE_CURRENT_PRICE_AVAILABLE,2026-06-12,,SIGNAL_AND_PRICING
LIFE,LIFE,unchanged,,True,True,PRICED,ACTIVE_CURRENT_PRICE_AVAILABLE,2026-06-12,,SIGNAL_AND_PRICING
LIN,LIN,unchanged,,True,True,PRICED,ACTIVE_CURRENT_PRICE_AVAILABLE,2026-06-12,,SIGNAL_AND_PRICING
LLY,LLY,unchanged,,True,True,PRICED,ACTIVE_CURRENT_PRICE_AVAILABLE,2026-06-12,,SIGNAL_AND_PRICING
LLYVK,LLYVK,unchanged,,True,True,PRICED,ACTIVE_CURRENT_PRICE_AVAILABLE,2026-06-12,,SIGNAL_AND_PRICING
LMT,LMT,unchanged,,True,True,PRICED,ACTIVE_CURRENT_PRICE_AVAILABLE,2026-06-12,,SIGNAL_AND_PRICING
LNTH,LNTH,unchanged,,False,True,PRICED,ACTIVE_CURRENT_PRICE_AVAILABLE,2026-06-12,SEED_OR_CURRENT_HOLDING_OUTSIDE_ENTRY_ELIGIBILITY,PRICING_AND_EXIT
LOB,LOB,unchanged,,True,True,PRICED,ACTIVE_CURRENT_PRICE_AVAILABLE,2026-06-12,,SIGNAL_AND_PRICING
LOW,LOW,unchanged,,True,True,PRICED,ACTIVE_CURRENT_PRICE_AVAILABLE,2026-06-12,,SIGNAL_AND_PRICING
LUNR,LUNR,unchanged,,True,True,PRICED,ACTIVE_CURRENT_PRICE_AVAILABLE,2026-06-12,,SIGNAL_AND_PRICING
LW,LW,unchanged,,False,True,PRICED,ACTIVE_CURRENT_PRICE_AVAILABLE,2026-06-12,SEED_OR_CURRENT_HOLDING_OUTSIDE_ENTRY_ELIGIBILITY,PRICING_AND_EXIT
LXU,LXU,unchanged,,True,True,PRICED,ACTIVE_CURRENT_PRICE_AVAILABLE,2026-06-12,,SIGNAL_AND_PRICING
LYV,LYV,unchanged,,True,True,PRICED,ACTIVE_CURRENT_PRICE_AVAILABLE,2026-06-12,,SIGNAL_AND_PRICING
M,M,unchanged,,True,True,PRICED,ACTIVE_CURRENT_PRICE_AVAILABLE,2026-06-12,,SIGNAL_AND_PRICING
MA,MA,unchanged,,True,True,PRICED,ACTIVE_CURRENT_PRICE_AVAILABLE,2026-06-12,,SIGNAL_AND_PRICING
MAA,MAA,unchanged,,False,True,PRICED,ACTIVE_CURRENT_PRICE_AVAILABLE,2026-06-12,SEED_OR_CURRENT_HOLDING_OUTSIDE_ENTRY_ELIGIBILITY,PRICING_AND_EXIT
MCD,MCD,unchanged,,True,True,PRICED,ACTIVE_CURRENT_PRICE_AVAILABLE,2026-06-12,,SIGNAL_AND_PRICING
MCHB,MCHB,unchanged,,True,True,PRICED,ACTIVE_CURRENT_PRICE_AVAILABLE,2026-06-12,,SIGNAL_AND_PRICING
MDT,MDT,unchanged,,True,True,PRICED,ACTIVE_CURRENT_PRICE_AVAILABLE,2026-06-12,,SIGNAL_AND_PRICING
MEC,MEC,unchanged,,True,True,PRICED,ACTIVE_CURRENT_PRICE_AVAILABLE,2026-06-12,,SIGNAL_AND_PRICING
MEOH,MEOH,unchanged,,True,True,PRICED,ACTIVE_CURRENT_PRICE_AVAILABLE,2026-06-12,,SIGNAL_AND_PRICING
META,META,unchanged,,True,True,PRICED,ACTIVE_CURRENT_PRICE_AVAILABLE,2026-06-12,,SIGNAL_AND_PRICING
MGTX,MGTX,unchanged,,True,True,PRICED,ACTIVE_CURRENT_PRICE_AVAILABLE,2026-06-12,,SIGNAL_AND_PRICING
MKSI,MKSI,unchanged,,False,True,PRICED,ACTIVE_CURRENT_PRICE_AVAILABLE,2026-06-12,SEED_OR_CURRENT_HOLDING_OUTSIDE_ENTRY_ELIGIBILITY,PRICING_AND_EXIT
MLYS,MLYS,unchanged,,True,True,PRICED,ACTIVE_CURRENT_PRICE_AVAILABLE,2026-06-12,,SIGNAL_AND_PRICING
MMM,MMM,unchanged,,True,True,PRICED,ACTIVE_CURRENT_PRICE_AVAILABLE,2026-06-12,,SIGNAL_AND_PRICING
MPLT,MPLT,unchanged,,True,True,PRICED,ACTIVE_CURRENT_PRICE_AVAILABLE,2026-06-12,,SIGNAL_AND_PRICING
MRK,MRK,unchanged,,True,True,PRICED,ACTIVE_CURRENT_PRICE_AVAILABLE,2026-06-12,,SIGNAL_AND_PRICING
MSA,MSA,unchanged,,True,True,PRICED,ACTIVE_CURRENT_PRICE_AVAILABLE,2026-06-12,,SIGNAL_AND_PRICING
MSFT,MSFT,unchanged,,True,True,PRICED,ACTIVE_CURRENT_PRICE_AVAILABLE,2026-06-12,,SIGNAL_AND_PRICING
MU,MU,unchanged,,True,True,PRICED,ACTIVE_CURRENT_PRICE_AVAILABLE,2026-06-12,,SIGNAL_AND_PRICING
MWA,MWA,unchanged,,True,True,PRICED,ACTIVE_CURRENT_PRICE_AVAILABLE,2026-06-12,,SIGNAL_AND_PRICING
MZTI,MZTI,unchanged,,False,True,PRICED,ACTIVE_CURRENT_PRICE_AVAILABLE,2026-06-12,SEED_OR_CURRENT_HOLDING_OUTSIDE_ENTRY_ELIGIBILITY,PRICING_AND_EXIT
NAVN,NAVN,unchanged,,False,True,PRICED,ACTIVE_CURRENT_PRICE_AVAILABLE,2026-06-12,SEED_OR_CURRENT_HOLDING_OUTSIDE_ENTRY_ELIGIBILITY,PRICING_AND_EXIT
NCNO,NCNO,unchanged,,True,True,PRICED,ACTIVE_CURRENT_PRICE_AVAILABLE,2026-06-12,,SIGNAL_AND_PRICING
NEXA,NEXA,unchanged,,True,True,PRICED,ACTIVE_CURRENT_PRICE_AVAILABLE,2026-06-12,,SIGNAL_AND_PRICING
NFLX,NFLX,unchanged,,True,True,PRICED,ACTIVE_CURRENT_PRICE_AVAILABLE,2026-06-12,,SIGNAL_AND_PRICING
NKE,NKE,unchanged,,True,True,PRICED,ACTIVE_CURRENT_PRICE_AVAILABLE,2026-06-12,,SIGNAL_AND_PRICING
NPKI,NPKI,unchanged,,True,True,PRICED,ACTIVE_CURRENT_PRICE_AVAILABLE,2026-06-12,,SIGNAL_AND_PRICING
NSA,NSA,unchanged,,True,True,PRICED,ACTIVE_CURRENT_PRICE_AVAILABLE,2026-06-12,,SIGNAL_AND_PRICING
NSP,NSP,unchanged,,False,True,PRICED,ACTIVE_CURRENT_PRICE_AVAILABLE,2026-06-12,SEED_OR_CURRENT_HOLDING_OUTSIDE_ENTRY_ELIGIBILITY,PRICING_AND_EXIT
NTSK,NTSK,unchanged,,True,True,PRICED,ACTIVE_CURRENT_PRICE_AVAILABLE,2026-06-12,,SIGNAL_AND_PRICING
NUTX,NUTX,unchanged,,True,True,PRICED,ACTIVE_CURRENT_PRICE_AVAILABLE,2026-06-12,,SIGNAL_AND_PRICING
NUVL,NUVL,unchanged,,True,True,PRICED,ACTIVE_CURRENT_PRICE_AVAILABLE,2026-06-12,,SIGNAL_AND_PRICING
NVDA,NVDA,unchanged,,True,True,PRICED,ACTIVE_CURRENT_PRICE_AVAILABLE,2026-06-12,,SIGNAL_AND_PRICING
NVEC,NVEC,unchanged,,True,True,PRICED,ACTIVE_CURRENT_PRICE_AVAILABLE,2026-06-12,,SIGNAL_AND_PRICING
OBE,OBE,unchanged,,True,True,PRICED,ACTIVE_CURRENT_PRICE_AVAILABLE,2026-06-12,,SIGNAL_AND_PRICING
OBK,OBK,unchanged,,False,True,PRICED,ACTIVE_CURRENT_PRICE_AVAILABLE,2026-06-12,SEED_OR_CURRENT_HOLDING_OUTSIDE_ENTRY_ELIGIBILITY,PRICING_AND_EXIT
ODFL,ODFL,unchanged,,True,True,PRICED,ACTIVE_CURRENT_PRICE_AVAILABLE,2026-06-12,,SIGNAL_AND_PRICING
ONB,ONB,unchanged,,True,True,PRICED,ACTIVE_CURRENT_PRICE_AVAILABLE,2026-06-12,,SIGNAL_AND_PRICING
ONDS,ONDS,unchanged,,True,True,PRICED,ACTIVE_CURRENT_PRICE_AVAILABLE,2026-06-12,,SIGNAL_AND_PRICING
OPTX,OPTX,unchanged,,True,True,PRICED,ACTIVE_CURRENT_PRICE_AVAILABLE,2026-06-12,,SIGNAL_AND_PRICING
ORCL,ORCL,unchanged,,True,True,PRICED,ACTIVE_CURRENT_PRICE_AVAILABLE,2026-06-12,,SIGNAL_AND_PRICING
ORLY,ORLY,unchanged,,False,True,PRICED,ACTIVE_CURRENT_PRICE_AVAILABLE,2026-06-12,SEED_OR_CURRENT_HOLDING_OUTSIDE_ENTRY_ELIGIBILITY,PRICING_AND_EXIT
OTF,OTF,unchanged,,False,True,PRICED,ACTIVE_CURRENT_PRICE_AVAILABLE,2026-06-12,SEED_OR_CURRENT_HOLDING_OUTSIDE_ENTRY_ELIGIBILITY,PRICING_AND_EXIT
PAGS,PAGS,unchanged,,True,True,PRICED,ACTIVE_CURRENT_PRICE_AVAILABLE,2026-06-12,,SIGNAL_AND_PRICING
PATH,PATH,unchanged,,False,True,PRICED,ACTIVE_CURRENT_PRICE_AVAILABLE,2026-06-12,SEED_OR_CURRENT_HOLDING_OUTSIDE_ENTRY_ELIGIBILITY,PRICING_AND_EXIT
PAX,PAX,unchanged,,True,True,PRICED,ACTIVE_CURRENT_PRICE_AVAILABLE,2026-06-12,,SIGNAL_AND_PRICING
PAYC,PAYC,unchanged,,True,True,PRICED,ACTIVE_CURRENT_PRICE_AVAILABLE,2026-06-12,,SIGNAL_AND_PRICING
PBF,PBF,unchanged,,True,True,PRICED,ACTIVE_CURRENT_PRICE_AVAILABLE,2026-06-12,,SIGNAL_AND_PRICING
PCOR,PCOR,unchanged,,False,True,PRICED,ACTIVE_CURRENT_PRICE_AVAILABLE,2026-06-12,SEED_OR_CURRENT_HOLDING_OUTSIDE_ENTRY_ELIGIBILITY,PRICING_AND_EXIT
PDS,PDS,unchanged,,True,True,PRICED,ACTIVE_CURRENT_PRICE_AVAILABLE,2026-06-12,,SIGNAL_AND_PRICING
PEB,PEB,unchanged,,True,True,PRICED,ACTIVE_CURRENT_PRICE_AVAILABLE,2026-06-12,,SIGNAL_AND_PRICING
PEP,PEP,unchanged,,True,True,PRICED,ACTIVE_CURRENT_PRICE_AVAILABLE,2026-06-12,,SIGNAL_AND_PRICING
PFE,PFE,unchanged,,True,True,PRICED,ACTIVE_CURRENT_PRICE_AVAILABLE,2026-06-12,,SIGNAL_AND_PRICING
PGR,PGR,unchanged,,True,True,PRICED,ACTIVE_CURRENT_PRICE_AVAILABLE,2026-06-12,,SIGNAL_AND_PRICING
PHAT,PHAT,unchanged,,True,True,PRICED,ACTIVE_CURRENT_PRICE_AVAILABLE,2026-06-12,,SIGNAL_AND_PRICING
POR,POR,unchanged,,True,True,PRICED,ACTIVE_CURRENT_PRICE_AVAILABLE,2026-06-12,,SIGNAL_AND_PRICING
PRG,PRG,unchanged,,False,True,PRICED,ACTIVE_CURRENT_PRICE_AVAILABLE,2026-06-12,SEED_OR_CURRENT_HOLDING_OUTSIDE_ENTRY_ELIGIBILITY,PRICING_AND_EXIT
PRVA,PRVA,unchanged,,True,True,PRICED,ACTIVE_CURRENT_PRICE_AVAILABLE,2026-06-12,,SIGNAL_AND_PRICING
PSX,PSX,unchanged,,True,True,PRICED,ACTIVE_CURRENT_PRICE_AVAILABLE,2026-06-12,,SIGNAL_AND_PRICING
QCOM,QCOM,unchanged,,True,True,PRICED,ACTIVE_CURRENT_PRICE_AVAILABLE,2026-06-12,,SIGNAL_AND_PRICING
QMCO,QMCO,unchanged,,True,True,PRICED,ACTIVE_CURRENT_PRICE_AVAILABLE,2026-06-12,,SIGNAL_AND_PRICING
QS,QS,unchanged,,True,True,PRICED,ACTIVE_CURRENT_PRICE_AVAILABLE,2026-06-12,,SIGNAL_AND_PRICING
QSR,QSR,unchanged,,True,True,PRICED,ACTIVE_CURRENT_PRICE_AVAILABLE,2026-06-12,,SIGNAL_AND_PRICING
QUBT,QUBT,unchanged,,True,True,PRICED,ACTIVE_CURRENT_PRICE_AVAILABLE,2026-06-12,,SIGNAL_AND_PRICING
RDW,RDW,unchanged,,True,True,PRICED,ACTIVE_CURRENT_PRICE_AVAILABLE,2026-06-12,,SIGNAL_AND_PRICING
RDY,RDY,unchanged,,False,True,PRICED,ACTIVE_CURRENT_PRICE_AVAILABLE,2026-06-12,SEED_OR_CURRENT_HOLDING_OUTSIDE_ENTRY_ELIGIBILITY,PRICING_AND_EXIT
RGEN,RGEN,unchanged,,False,True,PRICED,ACTIVE_CURRENT_PRICE_AVAILABLE,2026-06-12,SEED_OR_CURRENT_HOLDING_OUTSIDE_ENTRY_ELIGIBILITY,PRICING_AND_EXIT
RHLD,RHLD,unchanged,,False,True,PRICED,ACTIVE_CURRENT_PRICE_AVAILABLE,2026-06-12,SEED_OR_CURRENT_HOLDING_OUTSIDE_ENTRY_ELIGIBILITY,PRICING_AND_EXIT
RJF,RJF,unchanged,,True,True,PRICED,ACTIVE_CURRENT_PRICE_AVAILABLE,2026-06-12,,SIGNAL_AND_PRICING
RTX,RTX,unchanged,,True,True,PRICED,ACTIVE_CURRENT_PRICE_AVAILABLE,2026-06-12,,SIGNAL_AND_PRICING
SAIA,SAIA,unchanged,,True,True,PRICED,ACTIVE_CURRENT_PRICE_AVAILABLE,2026-06-12,,SIGNAL_AND_PRICING
SATL,SATL,unchanged,,False,True,PRICED,ACTIVE_CURRENT_PRICE_AVAILABLE,2026-06-12,SEED_OR_CURRENT_HOLDING_OUTSIDE_ENTRY_ELIGIBILITY,PRICING_AND_EXIT
SATS,SATS,unchanged,,True,True,PRICED,ACTIVE_CURRENT_PRICE_AVAILABLE,2026-06-12,,SIGNAL_AND_PRICING
SBUX,SBUX,unchanged,,True,True,PRICED,ACTIVE_CURRENT_PRICE_AVAILABLE,2026-06-12,,SIGNAL_AND_PRICING
SEB,SEB,unchanged,,True,True,PRICED,ACTIVE_CURRENT_PRICE_AVAILABLE,2026-06-12,,SIGNAL_AND_PRICING
SENEA,SENEA,unchanged,,False,True,PRICED,ACTIVE_CURRENT_PRICE_AVAILABLE,2026-06-12,SEED_OR_CURRENT_HOLDING_OUTSIDE_ENTRY_ELIGIBILITY,PRICING_AND_EXIT
SHLS,SHLS,unchanged,,True,True,PRICED,ACTIVE_CURRENT_PRICE_AVAILABLE,2026-06-12,,SIGNAL_AND_PRICING
SIDU,SIDU,unchanged,,False,True,PRICED,ACTIVE_CURRENT_PRICE_AVAILABLE,2026-06-12,SEED_OR_CURRENT_HOLDING_OUTSIDE_ENTRY_ELIGIBILITY,PRICING_AND_EXIT
SKE,SKE,unchanged,,True,True,PRICED,ACTIVE_CURRENT_PRICE_AVAILABLE,2026-06-12,,SIGNAL_AND_PRICING
SLS,SLS,unchanged,,True,True,PRICED,ACTIVE_CURRENT_PRICE_AVAILABLE,2026-06-12,,SIGNAL_AND_PRICING
SNPS,SNPS,unchanged,,False,True,PRICED,ACTIVE_CURRENT_PRICE_AVAILABLE,2026-06-12,SEED_OR_CURRENT_HOLDING_OUTSIDE_ENTRY_ELIGIBILITY,PRICING_AND_EXIT
STEL,STEL,unchanged,,True,True,PRICED,ACTIVE_CURRENT_PRICE_AVAILABLE,2026-06-12,,SIGNAL_AND_PRICING
STEP,STEP,unchanged,,False,True,PRICED,ACTIVE_CURRENT_PRICE_AVAILABLE,2026-06-12,SEED_OR_CURRENT_HOLDING_OUTSIDE_ENTRY_ELIGIBILITY,PRICING_AND_EXIT
STRO,STRO,unchanged,,True,True,PRICED,ACTIVE_CURRENT_PRICE_AVAILABLE,2026-06-12,,SIGNAL_AND_PRICING
SVV,SVV,unchanged,,False,True,PRICED,ACTIVE_CURRENT_PRICE_AVAILABLE,2026-06-12,SEED_OR_CURRENT_HOLDING_OUTSIDE_ENTRY_ELIGIBILITY,PRICING_AND_EXIT
SW,SW,unchanged,,True,True,PRICED,ACTIVE_CURRENT_PRICE_AVAILABLE,2026-06-12,,SIGNAL_AND_PRICING
SWKS,SWKS,unchanged,,False,True,PRICED,ACTIVE_CURRENT_PRICE_AVAILABLE,2026-06-12,SEED_OR_CURRENT_HOLDING_OUTSIDE_ENTRY_ELIGIBILITY,PRICING_AND_EXIT
SWMR,SWMR,unchanged,,True,True,PRICED,ACTIVE_CURRENT_PRICE_AVAILABLE,2026-06-12,,SIGNAL_AND_PRICING
SYY,SYY,unchanged,,True,True,PRICED,ACTIVE_CURRENT_PRICE_AVAILABLE,2026-06-12,,SIGNAL_AND_PRICING
TBBK,TBBK,unchanged,,True,True,PRICED,ACTIVE_CURRENT_PRICE_AVAILABLE,2026-06-12,,SIGNAL_AND_PRICING
TDOC,TDOC,unchanged,,True,True,PRICED,ACTIVE_CURRENT_PRICE_AVAILABLE,2026-06-12,,SIGNAL_AND_PRICING
TGT,TGT,unchanged,,True,True,PRICED,ACTIVE_CURRENT_PRICE_AVAILABLE,2026-06-12,,SIGNAL_AND_PRICING
TORO,TORO,unchanged,,True,True,PRICED,ACTIVE_CURRENT_PRICE_AVAILABLE,2026-06-12,,SIGNAL_AND_PRICING
TOST,TOST,unchanged,,True,True,PRICED,ACTIVE_CURRENT_PRICE_AVAILABLE,2026-06-12,,SIGNAL_AND_PRICING
TREX,TREX,unchanged,,True,True,PRICED,ACTIVE_CURRENT_PRICE_AVAILABLE,2026-06-12,,SIGNAL_AND_PRICING
TSN,TSN,unchanged,,True,True,PRICED,ACTIVE_CURRENT_PRICE_AVAILABLE,2026-06-12,,SIGNAL_AND_PRICING
TXN,TXN,unchanged,,True,True,PRICED,ACTIVE_CURRENT_PRICE_AVAILABLE,2026-06-12,,SIGNAL_AND_PRICING
TYRA,TYRA,unchanged,,True,True,PRICED,ACTIVE_CURRENT_PRICE_AVAILABLE,2026-06-12,,SIGNAL_AND_PRICING
UCTT,UCTT,unchanged,,True,True,PRICED,ACTIVE_CURRENT_PRICE_AVAILABLE,2026-06-12,,SIGNAL_AND_PRICING
ULCC,ULCC,unchanged,,True,True,PRICED,ACTIVE_CURRENT_PRICE_AVAILABLE,2026-06-12,,SIGNAL_AND_PRICING
UNH,UNH,unchanged,,True,True,PRICED,ACTIVE_CURRENT_PRICE_AVAILABLE,2026-06-12,,SIGNAL_AND_PRICING
UNM,UNM,unchanged,,True,True,PRICED,ACTIVE_CURRENT_PRICE_AVAILABLE,2026-06-12,,SIGNAL_AND_PRICING
UPST,UPST,unchanged,,True,True,PRICED,ACTIVE_CURRENT_PRICE_AVAILABLE,2026-06-12,,SIGNAL_AND_PRICING
USAR,USAR,unchanged,,False,True,PRICED,ACTIVE_CURRENT_PRICE_AVAILABLE,2026-06-12,SEED_OR_CURRENT_HOLDING_OUTSIDE_ENTRY_ELIGIBILITY,PRICING_AND_EXIT
USLM,USLM,unchanged,,False,True,PRICED,ACTIVE_CURRENT_PRICE_AVAILABLE,2026-06-12,SEED_OR_CURRENT_HOLDING_OUTSIDE_ENTRY_ELIGIBILITY,PRICING_AND_EXIT
UUUU,UUUU,unchanged,,False,True,PRICED,ACTIVE_CURRENT_PRICE_AVAILABLE,2026-06-12,SEED_OR_CURRENT_HOLDING_OUTSIDE_ENTRY_ELIGIBILITY,PRICING_AND_EXIT
V,V,unchanged,,True,True,PRICED,ACTIVE_CURRENT_PRICE_AVAILABLE,2026-06-12,,SIGNAL_AND_PRICING
VAC,VAC,unchanged,,True,True,PRICED,ACTIVE_CURRENT_PRICE_AVAILABLE,2026-06-12,,SIGNAL_AND_PRICING
VCTR,VCTR,unchanged,,True,True,PRICED,ACTIVE_CURRENT_PRICE_AVAILABLE,2026-06-12,,SIGNAL_AND_PRICING
VICR,VICR,unchanged,,True,True,PRICED,ACTIVE_CURRENT_PRICE_AVAILABLE,2026-06-12,,SIGNAL_AND_PRICING
VIR,VIR,unchanged,,True,True,PRICED,ACTIVE_CURRENT_PRICE_AVAILABLE,2026-06-12,,SIGNAL_AND_PRICING
VPG,VPG,unchanged,,True,True,PRICED,ACTIVE_CURRENT_PRICE_AVAILABLE,2026-06-12,,SIGNAL_AND_PRICING
VRTX,VRTX,unchanged,,True,True,PRICED,ACTIVE_CURRENT_PRICE_AVAILABLE,2026-06-12,,SIGNAL_AND_PRICING
VTOL,VTOL,unchanged,,False,True,PRICED,ACTIVE_CURRENT_PRICE_AVAILABLE,2026-06-12,SEED_OR_CURRENT_HOLDING_OUTSIDE_ENTRY_ELIGIBILITY,PRICING_AND_EXIT
VTS,VTS,unchanged,,False,True,PRICED,ACTIVE_CURRENT_PRICE_AVAILABLE,2026-06-12,SEED_OR_CURRENT_HOLDING_OUTSIDE_ENTRY_ELIGIBILITY,PRICING_AND_EXIT
WAB,WAB,unchanged,,True,True,PRICED,ACTIVE_CURRENT_PRICE_AVAILABLE,2026-06-12,,SIGNAL_AND_PRICING
WAT,WAT,unchanged,,False,True,PRICED,ACTIVE_CURRENT_PRICE_AVAILABLE,2026-06-12,SEED_OR_CURRENT_HOLDING_OUTSIDE_ENTRY_ELIGIBILITY,PRICING_AND_EXIT
WK,WK,unchanged,,True,True,PRICED,ACTIVE_CURRENT_PRICE_AVAILABLE,2026-06-12,,SIGNAL_AND_PRICING
WLFC,WLFC,unchanged,,True,True,PRICED,ACTIVE_CURRENT_PRICE_AVAILABLE,2026-06-12,,SIGNAL_AND_PRICING
WLK,WLK,unchanged,,False,True,PRICED,ACTIVE_CURRENT_PRICE_AVAILABLE,2026-06-12,SEED_OR_CURRENT_HOLDING_OUTSIDE_ENTRY_ELIGIBILITY,PRICING_AND_EXIT
WLTH,WLTH,unchanged,,True,True,PRICED,ACTIVE_CURRENT_PRICE_AVAILABLE,2026-06-12,,SIGNAL_AND_PRICING
WM,WM,unchanged,,True,True,PRICED,ACTIVE_CURRENT_PRICE_AVAILABLE,2026-06-12,,SIGNAL_AND_PRICING
WMT,WMT,unchanged,,True,True,PRICED,ACTIVE_CURRENT_PRICE_AVAILABLE,2026-06-12,,SIGNAL_AND_PRICING
WNC,WNC,unchanged,,True,True,PRICED,ACTIVE_CURRENT_PRICE_AVAILABLE,2026-06-12,,SIGNAL_AND_PRICING
WSR,WSR,unchanged,,False,True,PRICED,ACTIVE_CURRENT_PRICE_AVAILABLE,2026-06-12,SEED_OR_CURRENT_HOLDING_OUTSIDE_ENTRY_ELIGIBILITY,PRICING_AND_EXIT
WST,WST,unchanged,,True,True,PRICED,ACTIVE_CURRENT_PRICE_AVAILABLE,2026-06-12,,SIGNAL_AND_PRICING
WT,WT,unchanged,,True,True,PRICED,ACTIVE_CURRENT_PRICE_AVAILABLE,2026-06-12,,SIGNAL_AND_PRICING
XHR,XHR,unchanged,,True,True,PRICED,ACTIVE_CURRENT_PRICE_AVAILABLE,2026-06-12,,SIGNAL_AND_PRICING
XOM,XOM,unchanged,,True,True,PRICED,ACTIVE_CURRENT_PRICE_AVAILABLE,2026-06-12,,SIGNAL_AND_PRICING
